Date,Insertion Order,Insertion Order ID,Insertion Order Status,Insertion Order Integration Code,Line Item,Line Item ID,Line Item Status,Line Item Integration Code,TrueView Ad Group ID,TrueView Ad Group,Advertiser Currency,Impressions,TrueView: Views,Clicks,Revenue (Adv Currency),Click Rate (CTR),First-Quartile Views (Video),Midpoint Views (Video),Third-Quartile Views (Video),Complete Views (Video)
2017/04/01,O-R57M_2017_SCA_Bodyform_Trapeze_TrueView_Mar Apr,3092119,Paused,O-R57M,SCA_Bodyform_Trapeze,778980611,Paused,,43622231507,Female 18 - 34 & Interest,GBP,147876,35735,247,1423.855827,0.167%,83661,55547,44397,35739
2017/04/01,O-R57M_2017_SCA_Bodyform_Trapeze_TrueView_Mar Apr,3092119,Paused,O-R57M,SCA_Bodyform_Trapeze,778980611,Paused,,43622231667,Female 18 - 34 & keywords,GBP,6548,2032,3,77.899661,0.046%,4057,2904,2409,2052
2017/04/01,O-R57M_2017_SCA_Bodyform_Trapeze_TrueView_Mar Apr,3092119,Paused,O-R57M,SCA_Bodyform_Trapeze_Paintball category,778980608,Paused,,43622231467,Female 18 - 34 &Category,GBP,9,1,0,0.071630,0.000%,2,2,1,1
2017/04/02,O-R57M_2017_SCA_Bodyform_Trapeze_TrueView_Mar Apr,3092119,Paused,O-R57M,SCA_Bodyform_Trapeze,778980611,Paused,,43622231507,Female 18 - 34 & Interest,GBP,142880,41074,205,1369.065809,0.143%,87853,61133,49917,41243
2017/04/02,O-R57M_2017_SCA_Bodyform_Trapeze_TrueView_Mar Apr,3092119,Paused,O-R57M,SCA_Bodyform_Trapeze,778980611,Paused,,43622231667,Female 18 - 34 & keywords,GBP,10592,3938,4,129.935615,0.038%,7237,5423,4602,3962
2017/04/02,O-R57M_2017_SCA_Bodyform_Trapeze_TrueView_Mar Apr,3092119,Paused,O-R57M,SCA_Bodyform_Trapeze_Paintball category,778980608,Paused,,43622231467,Female 18 - 34 &Category,GBP,6,1,0,0.042978,0.000%,2,2,2,1
2017/04/03,O-R57M_2017_SCA_Bodyform_Trapeze_TrueView_Mar Apr,3092119,Paused,O-R57M,SCA_Bodyform_Trapeze,778980611,Paused,,43622231507,Female 18 - 34 & Interest,GBP,145428,42962,196,1419.982255,0.135%,90992,63370,51968,43284
2017/04/03,O-R57M_2017_SCA_Bodyform_Trapeze_TrueView_Mar Apr,3092119,Paused,O-R57M,SCA_Bodyform_Trapeze,778980611,Paused,,43622231667,Female 18 - 34 & keywords,GBP,10073,3836,15,127.454938,0.149%,7005,5254,4459,3873
2017/04/03,O-R57M_2017_SCA_Bodyform_Trapeze_TrueView_Mar Apr,3092119,Paused,O-R57M,SCA_Bodyform_Trapeze_Paintball category,778980608,Paused,,43622231467,Female 18 - 34 &Category,GBP,9,1,0,0.043027,0.000%,2,2,2,1
2017/04/04,O-R57M_2017_SCA_Bodyform_Trapeze_TrueView_Mar Apr,3092119,Paused,O-R57M,SCA_Bodyform_Trapeze,778980611,Paused,,43622231507,Female 18 - 34 & Interest,GBP,28901,8775,54,320.578657,0.187%,18259,12787,10526,8894
2017/04/04,O-R57M_2017_SCA_Bodyform_Trapeze_TrueView_Mar Apr,3092119,Paused,O-R57M,SCA_Bodyform_Trapeze,778980611,Paused,,43622231667,Female 18 - 34 & keywords,GBP,1735,675,5,23.162277,0.288%,1214,901,767,684
2017/04/04,O-R57M_2017_SCA_Bodyform_Trapeze_TrueView_Mar Apr,3092119,Paused,O-R57M,SCA_Bodyform_Trapeze_created for study,796412784,Active,,45020535807,Female 18 - 34 & Interest,GBP,152718,28115,269,1440.064137,0.176%,78193,47954,36295,28197
2017/04/04,O-R57M_2017_SCA_Bodyform_Trapeze_TrueView_Mar Apr,3092119,Paused,O-R57M,SCA_Bodyform_Trapeze_created for study,796412784,Active,,45020535967,Female 18 - 34 & keywords,GBP,12306,2174,12,112.256795,0.098%,6128,3761,2886,2192
2017/04/04,O-R57M_2017_SCA_Bodyform_Trapeze_TrueView_Mar Apr,3092119,Paused,O-R57M,SCA_Bodyform_Trapeze_Paintball category,778980608,Paused,,43622231467,Female 18 - 34 &Category,GBP,4,0,0,0.000000,0.000%,2,0,0,0
2017/04/04,O-R57M_2017_SCA_Bodyform_Trapeze_TrueView_Mar Apr,3092119,Paused,O-R57M,SCA_Bodyform_Trapeze_Paintball category_created for study,796412787,Active,,45020536007,Female 18 - 34 &Category,GBP,5,0,0,0.000000,0.000%,5,3,1,0
2017/04/04,O-R8HQ_2017_SCA_Bodyform_Challenge Test_TrueView_Mar Apr,3116329,Paused,O-R8HQ,SCA_Bodyform_Challenge - meet Chloe_new,796110683,Active,,39539840777,ChallengeBodyform - Trapeze retargeting & Female 18 - 34,GBP,11378,3260,19,164.141191,0.167%,3279,2554,1971,1204
2017/04/04,O-R8HQ_2017_SCA_Bodyform_Challenge Test_TrueView_Mar Apr,3116329,Paused,O-R8HQ,SCA_Bodyform_Challenge - meet Chloe_new,796110683,Active,,39539840817,ChallengeBodyform - Female 18 - 34 & keywords,GBP,7163,2266,6,128.699392,0.084%,2297,1774,1196,568
2017/04/04,O-R8HQ_2017_SCA_Bodyform_Challenge Test_TrueView_Mar Apr,3116329,Paused,O-R8HQ,SCA_Bodyform_Challenge - meet Chloe_new,796110683,Active,,39539840857,ChallengeBodyform - Female 18 - 34 & Interest,GBP,100994,24757,239,1359.135776,0.237%,25023,18803,13524,7521
2017/04/04,O-R8HQ_2017_SCA_Bodyform_Challenge Test_TrueView_Mar Apr,3116329,Paused,O-R8HQ,SCA_Bodyform_Challenge - meet Penny_new,796110680,Active,,39539840537,ChallengeBodyform - Trapeze retargeting & Female 18 - 34,GBP,11687,3281,27,162.401669,0.231%,3113,2326,1818,1164
2017/04/04,O-R8HQ_2017_SCA_Bodyform_Challenge Test_TrueView_Mar Apr,3116329,Paused,O-R8HQ,SCA_Bodyform_Challenge - meet Penny_new,796110680,Active,,39539840577,ChallengeBodyform - Female 18 - 34 & keywords,GBP,7028,2102,6,119.093219,0.085%,1986,1409,1053,490
2017/04/04,O-R8HQ_2017_SCA_Bodyform_Challenge Test_TrueView_Mar Apr,3116329,Paused,O-R8HQ,SCA_Bodyform_Challenge - meet Penny_new,796110680,Active,,39539840617,ChallengeBodyform - Female 18 - 34 & Interest,GBP,107156,25070,234,1371.100722,0.218%,23525,16748,12372,7184
2017/04/04,O-R8HQ_2017_SCA_Bodyform_Challenge Test_TrueView_Mar Apr,3116329,Paused,O-R8HQ,SCA_Bodyform_Challenge - meet Janine_new,796110686,Active,,39539841017,ChallengeBodyform - Trapeze retargeting & Female 18 - 34,GBP,14063,3609,28,180.025425,0.199%,3615,2847,2427,1469
2017/04/04,O-R8HQ_2017_SCA_Bodyform_Challenge Test_TrueView_Mar Apr,3116329,Paused,O-R8HQ,SCA_Bodyform_Challenge - meet Janine_new,796110686,Active,,39539841057,ChallengeBodyform - Female 18 - 34 & keywords,GBP,8272,1984,12,111.511817,0.145%,1987,1493,1219,549
2017/04/04,O-R8HQ_2017_SCA_Bodyform_Challenge Test_TrueView_Mar Apr,3116329,Paused,O-R8HQ,SCA_Bodyform_Challenge - meet Janine_new,796110686,Active,,39539841097,ChallengeBodyform - Female 18 - 34 & Interest,GBP,122111,25210,202,1361.265026,0.165%,25209,18728,15423,8594
2017/04/05,O-R57M_2017_SCA_Bodyform_Trapeze_TrueView_Mar Apr,3092119,Paused,O-R57M,SCA_Bodyform_Trapeze_created for study,796412784,Active,,45020535807,Female 18 - 34 & Interest,GBP,110111,33266,159,1377.985216,0.144%,68519,48149,39750,33592
2017/04/05,O-R57M_2017_SCA_Bodyform_Trapeze_TrueView_Mar Apr,3092119,Paused,O-R57M,SCA_Bodyform_Trapeze_created for study,796412784,Active,,45020535967,Female 18 - 34 & keywords,GBP,9022,2748,6,118.269207,0.067%,5555,3934,3285,2791
2017/04/05,O-R57M_2017_SCA_Bodyform_Trapeze_TrueView_Mar Apr,3092119,Paused,O-R57M,SCA_Bodyform_Trapeze_Paintball category_created for study,796412787,Active,,45020536007,Female 18 - 34 &Category,GBP,9,0,0,0.000000,0.000%,4,2,1,0
2017/04/05,O-R8HQ_2017_SCA_Bodyform_Challenge Test_TrueView_Mar Apr,3116329,Paused,O-R8HQ,SCA_Bodyform_Challenge - meet Chloe_new,796110683,Active,,39539840777,ChallengeBodyform - Trapeze retargeting & Female 18 - 34,GBP,19640,6067,30,272.372911,0.153%,6161,4868,3863,2729
2017/04/05,O-R8HQ_2017_SCA_Bodyform_Challenge Test_TrueView_Mar Apr,3116329,Paused,O-R8HQ,SCA_Bodyform_Challenge - meet Chloe_new,796110683,Active,,39539840817,ChallengeBodyform - Female 18 - 34 & keywords,GBP,4508,1348,5,62.769240,0.111%,1375,1085,812,484
2017/04/05,O-R8HQ_2017_SCA_Bodyform_Challenge Test_TrueView_Mar Apr,3116329,Paused,O-R8HQ,SCA_Bodyform_Challenge - meet Chloe_new,796110683,Active,,39539840857,ChallengeBodyform - Female 18 - 34 & Interest,GBP,106759,27401,144,1266.112048,0.135%,27771,21235,16058,9735
2017/04/05,O-R8HQ_2017_SCA_Bodyform_Challenge Test_TrueView_Mar Apr,3116329,Paused,O-R8HQ,SCA_Bodyform_Challenge - meet Penny_new,796110680,Active,,39539840537,ChallengeBodyform - Trapeze retargeting & Female 18 - 34,GBP,18813,6661,31,290.916182,0.165%,6442,4931,4024,2938
2017/04/05,O-R8HQ_2017_SCA_Bodyform_Challenge Test_TrueView_Mar Apr,3116329,Paused,O-R8HQ,SCA_Bodyform_Challenge - meet Penny_new,796110680,Active,,39539840577,ChallengeBodyform - Female 18 - 34 & keywords,GBP,5976,2125,5,99.100384,0.084%,2038,1509,1175,715
2017/04/05,O-R8HQ_2017_SCA_Bodyform_Challenge Test_TrueView_Mar Apr,3116329,Paused,O-R8HQ,SCA_Bodyform_Challenge - meet Penny_new,796110680,Active,,39539840617,ChallengeBodyform - Female 18 - 34 & Interest,GBP,92025,27217,154,1208.802295,0.167%,25936,19322,15003,9925
2017/04/05,O-R8HQ_2017_SCA_Bodyform_Challenge Test_TrueView_Mar Apr,3116329,Paused,O-R8HQ,SCA_Bodyform_Challenge - meet Janine_new,796110686,Active,,39539841017,ChallengeBodyform - Trapeze retargeting & Female 18 - 34,GBP,21946,6817,41,294.262098,0.187%,6877,5474,4719,3224
2017/04/05,O-R8HQ_2017_SCA_Bodyform_Challenge Test_TrueView_Mar Apr,3116329,Paused,O-R8HQ,SCA_Bodyform_Challenge - meet Janine_new,796110686,Active,,39539841057,ChallengeBodyform - Female 18 - 34 & keywords,GBP,6498,1815,8,84.886678,0.123%,1804,1360,1110,629
2017/04/05,O-R8HQ_2017_SCA_Bodyform_Challenge Test_TrueView_Mar Apr,3116329,Paused,O-R8HQ,SCA_Bodyform_Challenge - meet Janine_new,796110686,Active,,39539841097,ChallengeBodyform - Female 18 - 34 & Interest,GBP,110139,26898,193,1219.912377,0.175%,26913,20570,17302,10671
2017/04/06,O-R57M_2017_SCA_Bodyform_Trapeze_TrueView_Mar Apr,3092119,Paused,O-R57M,SCA_Bodyform_Trapeze_created for study,796412784,Active,,45020535807,Female 18 - 34 & Interest,GBP,113468,38304,192,1457.451016,0.169%,74814,54065,44930,38660
2017/04/06,O-R57M_2017_SCA_Bodyform_Trapeze_TrueView_Mar Apr,3092119,Paused,O-R57M,SCA_Bodyform_Trapeze_created for study,796412784,Active,,45020535967,Female 18 - 34 & keywords,GBP,3432,986,3,38.291819,0.087%,2121,1510,1261,1004
2017/04/06,O-R8HQ_2017_SCA_Bodyform_Challenge Test_TrueView_Mar Apr,3116329,Paused,O-R8HQ,SCA_Bodyform_Challenge - meet Chloe_new,796110683,Active,,39539840777,ChallengeBodyform - Trapeze retargeting & Female 18 - 34,GBP,6801,1959,12,68.559252,0.176%,1988,1542,1224,839
2017/04/06,O-R8HQ_2017_SCA_Bodyform_Challenge Test_TrueView_Mar Apr,3116329,Paused,O-R8HQ,SCA_Bodyform_Challenge - meet Chloe_new,796110683,Active,,39539840817,ChallengeBodyform - Female 18 - 34 & keywords,GBP,8657,2212,20,82.434056,0.231%,2249,1692,1163,648
2017/04/06,O-R8HQ_2017_SCA_Bodyform_Challenge Test_TrueView_Mar Apr,3116329,Paused,O-R8HQ,SCA_Bodyform_Challenge - meet Chloe_new,796110683,Active,,39539840857,ChallengeBodyform - Female 18 - 34 & Interest,GBP,165653,39857,234,1425.943756,0.141%,40298,31790,22582,10542
2017/04/06,O-R8HQ_2017_SCA_Bodyform_Challenge Test_TrueView_Mar Apr,3116329,Paused,O-R8HQ,SCA_Bodyform_Challenge - meet Penny_new,796110680,Active,,39539840537,ChallengeBodyform - Trapeze retargeting & Female 18 - 34,GBP,22278,6374,33,202.547745,0.148%,6067,4616,3693,2233
2017/04/06,O-R8HQ_2017_SCA_Bodyform_Challenge Test_TrueView_Mar Apr,3116329,Paused,O-R8HQ,SCA_Bodyform_Challenge - meet Penny_new,796110680,Active,,39539840577,ChallengeBodyform - Female 18 - 34 & keywords,GBP,17276,4305,19,145.983809,0.110%,4071,2760,1974,1013
2017/04/06,O-R8HQ_2017_SCA_Bodyform_Challenge Test_TrueView_Mar Apr,3116329,Paused,O-R8HQ,SCA_Bodyform_Challenge - meet Penny_new,796110680,Active,,39539840617,ChallengeBodyform - Female 18 - 34 & Interest,GBP,164548,37001,217,1253.610796,0.132%,34567,24435,18018,8796
2017/04/06,O-R8HQ_2017_SCA_Bodyform_Challenge Test_TrueView_Mar Apr,3116329,Paused,O-R8HQ,SCA_Bodyform_Challenge - meet Janine_new,796110686,Active,,39539841017,ChallengeBodyform - Trapeze retargeting & Female 18 - 34,GBP,46930,12300,87,439.240082,0.185%,12320,9629,8128,4998
2017/04/06,O-R8HQ_2017_SCA_Bodyform_Challenge Test_TrueView_Mar Apr,3116329,Paused,O-R8HQ,SCA_Bodyform_Challenge - meet Janine_new,796110686,Active,,39539841057,ChallengeBodyform - Female 18 - 34 & keywords,GBP,19505,3473,13,121.578163,0.067%,3484,2517,1947,757
2017/04/06,O-R8HQ_2017_SCA_Bodyform_Challenge Test_TrueView_Mar Apr,3116329,Paused,O-R8HQ,SCA_Bodyform_Challenge - meet Janine_new,796110686,Active,,39539841097,ChallengeBodyform - Female 18 - 34 & Interest,GBP,143418,28208,192,1037.635213,0.134%,28199,21414,17720,8628
2017/04/07,O-R57M_2017_SCA_Bodyform_Trapeze_TrueView_Mar Apr,3092119,Paused,O-R57M,SCA_Bodyform_Trapeze_created for study,796412784,Active,,45020535807,Female 18 - 34 & Interest,GBP,112368,36646,234,1480.066423,0.208%,72305,51673,43009,36880
2017/04/07,O-R57M_2017_SCA_Bodyform_Trapeze_TrueView_Mar Apr,3092119,Paused,O-R57M,SCA_Bodyform_Trapeze_created for study,796412784,Active,,45020535967,Female 18 - 34 & keywords,GBP,2354,598,1,25.659790,0.042%,1405,962,781,609
2017/04/07,O-R19T_2017_SCA_TENA MEN_4 in 1_March April_TrueView,3077774,Active,O-R19T,SCA_AV_TENA MEN - 60 secs,773050940,Active,,44134403889,"Copy of Copy of Male 45+ & Interest in Sports, HealthFitness, Health Insurance and Beauty product",GBP,249103,46040,310,1753.206641,0.124%,67679,44088,36867,30526
2017/04/07,O-R8HQ_2017_SCA_Bodyform_Challenge Test_TrueView_Mar Apr,3116329,Paused,O-R8HQ,SCA_Bodyform_Challenge - meet Chloe_new,796110683,Active,,39539840777,ChallengeBodyform - Trapeze retargeting & Female 18 - 34,GBP,16718,4477,32,140.638262,0.191%,4538,3564,2776,1720
2017/04/07,O-R8HQ_2017_SCA_Bodyform_Challenge Test_TrueView_Mar Apr,3116329,Paused,O-R8HQ,SCA_Bodyform_Challenge - meet Chloe_new,796110683,Active,,39539840817,ChallengeBodyform - Female 18 - 34 & keywords,GBP,8168,1922,10,62.384630,0.122%,1943,1472,1010,480
2017/04/07,O-R8HQ_2017_SCA_Bodyform_Challenge Test_TrueView_Mar Apr,3116329,Paused,O-R8HQ,SCA_Bodyform_Challenge - meet Chloe_new,796110683,Active,,39539840857,ChallengeBodyform - Female 18 - 34 & Interest,GBP,228134,50107,276,1408.723154,0.121%,50748,39396,27056,10971
2017/04/07,O-R8HQ_2017_SCA_Bodyform_Challenge Test_TrueView_Mar Apr,3116329,Paused,O-R8HQ,SCA_Bodyform_Challenge - meet Penny_new,796110680,Active,,39539840537,ChallengeBodyform - Trapeze retargeting & Female 18 - 34,GBP,33904,8251,66,260.185969,0.195%,7811,5856,4529,2716
2017/04/07,O-R8HQ_2017_SCA_Bodyform_Challenge Test_TrueView_Mar Apr,3116329,Paused,O-R8HQ,SCA_Bodyform_Challenge - meet Penny_new,796110680,Active,,39539840577,ChallengeBodyform - Female 18 - 34 & keywords,GBP,25100,5075,34,149.751009,0.135%,4697,3244,2316,934
2017/04/07,O-R8HQ_2017_SCA_Bodyform_Challenge Test_TrueView_Mar Apr,3116329,Paused,O-R8HQ,SCA_Bodyform_Challenge - meet Penny_new,796110680,Active,,39539840617,ChallengeBodyform - Female 18 - 34 & Interest,GBP,210841,39160,312,1195.760103,0.148%,36160,25214,18227,7657
2017/04/07,O-R8HQ_2017_SCA_Bodyform_Challenge Test_TrueView_Mar Apr,3116329,Paused,O-R8HQ,SCA_Bodyform_Challenge - meet Janine_new,796110686,Active,,39539841017,ChallengeBodyform - Trapeze retargeting & Female 18 - 34,GBP,49487,10660,98,438.566769,0.198%,10671,8269,7004,4524
2017/04/07,O-R8HQ_2017_SCA_Bodyform_Challenge Test_TrueView_Mar Apr,3116329,Paused,O-R8HQ,SCA_Bodyform_Challenge - meet Janine_new,796110686,Active,,39539841057,ChallengeBodyform - Female 18 - 34 & keywords,GBP,13008,1926,12,80.624510,0.092%,1918,1483,1204,458
2017/04/07,O-R8HQ_2017_SCA_Bodyform_Challenge Test_TrueView_Mar Apr,3116329,Paused,O-R8HQ,SCA_Bodyform_Challenge - meet Janine_new,796110686,Active,,39539841097,ChallengeBodyform - Female 18 - 34 & Interest,GBP,143496,24519,155,1084.592285,0.108%,24519,18609,15535,7722
2017/04/08,O-R57M_2017_SCA_Bodyform_Trapeze_TrueView_Mar Apr,3092119,Paused,O-R57M,SCA_Bodyform_Trapeze_created for study,796412784,Active,,45020535807,Female 18 - 34 & Interest,GBP,105314,37806,214,1462.619902,0.203%,70734,51836,43676,38029
2017/04/08,O-R57M_2017_SCA_Bodyform_Trapeze_TrueView_Mar Apr,3092119,Paused,O-R57M,SCA_Bodyform_Trapeze_created for study,796412784,Active,,45020535967,Female 18 - 34 & keywords,GBP,2297,724,1,30.759705,0.044%,1524,1120,920,739
2017/04/08,O-R57M_2017_SCA_Bodyform_Trapeze_TrueView_Mar Apr,3092119,Paused,O-R57M,SCA_Bodyform_Trapeze_Paintball category_created for study,796412787,Active,,45020536007,Female 18 - 34 &Category,GBP,2,0,0,0.000000,0.000%,0,0,0,0
2017/04/08,O-R19T_2017_SCA_TENA MEN_4 in 1_March April_TrueView,3077774,Active,O-R19T,SCA_AV_TENA MEN - 60 secs,773050940,Active,,44134403889,"Copy of Copy of Male 45+ & Interest in Sports, HealthFitness, Health Insurance and Beauty product",GBP,259185,47583,306,1759.668305,0.118%,70180,45681,38055,32005
2017/04/08,O-R8HQ_2017_SCA_Bodyform_Challenge Test_TrueView_Mar Apr,3116329,Paused,O-R8HQ,SCA_Bodyform_Challenge - meet Chloe_new,796110683,Active,,39539840777,ChallengeBodyform - Trapeze retargeting & Female 18 - 34,GBP,25833,6109,46,188.138827,0.178%,6175,4748,3695,2449
2017/04/08,O-R8HQ_2017_SCA_Bodyform_Challenge Test_TrueView_Mar Apr,3116329,Paused,O-R8HQ,SCA_Bodyform_Challenge - meet Chloe_new,796110683,Active,,39539840817,ChallengeBodyform - Female 18 - 34 & keywords,GBP,9942,2072,12,61.648482,0.121%,2094,1588,1151,578
2017/04/08,O-R8HQ_2017_SCA_Bodyform_Challenge Test_TrueView_Mar Apr,3116329,Paused,O-R8HQ,SCA_Bodyform_Challenge - meet Chloe_new,796110683,Active,,39539840857,ChallengeBodyform - Female 18 - 34 & Interest,GBP,249923,46878,320,1347.261167,0.128%,47336,36338,25492,10967
2017/04/08,O-R8HQ_2017_SCA_Bodyform_Challenge Test_TrueView_Mar Apr,3116329,Paused,O-R8HQ,SCA_Bodyform_Challenge - meet Penny_new,796110680,Active,,39539840537,ChallengeBodyform - Trapeze retargeting & Female 18 - 34,GBP,39378,8740,81,299.584291,0.206%,8229,6080,4706,3069
2017/04/08,O-R8HQ_2017_SCA_Bodyform_Challenge Test_TrueView_Mar Apr,3116329,Paused,O-R8HQ,SCA_Bodyform_Challenge - meet Penny_new,796110680,Active,,39539840577,ChallengeBodyform - Female 18 - 34 & keywords,GBP,26058,4643,38,142.776280,0.146%,4334,3093,2241,934
2017/04/08,O-R8HQ_2017_SCA_Bodyform_Challenge Test_TrueView_Mar Apr,3116329,Paused,O-R8HQ,SCA_Bodyform_Challenge - meet Penny_new,796110680,Active,,39539840617,ChallengeBodyform - Female 18 - 34 & Interest,GBP,204291,33842,317,1150.909636,0.155%,31181,21779,15904,7500
2017/04/08,O-R8HQ_2017_SCA_Bodyform_Challenge Test_TrueView_Mar Apr,3116329,Paused,O-R8HQ,SCA_Bodyform_Challenge - meet Janine_new,796110686,Active,,39539841017,ChallengeBodyform - Trapeze retargeting & Female 18 - 34,GBP,43887,10428,96,429.681753,0.219%,10397,8008,6775,4634
2017/04/08,O-R8HQ_2017_SCA_Bodyform_Challenge Test_TrueView_Mar Apr,3116329,Paused,O-R8HQ,SCA_Bodyform_Challenge - meet Janine_new,796110686,Active,,39539841057,ChallengeBodyform - Female 18 - 34 & keywords,GBP,11697,1972,17,80.457708,0.145%,1957,1501,1239,495
2017/04/08,O-R8HQ_2017_SCA_Bodyform_Challenge Test_TrueView_Mar Apr,3116329,Paused,O-R8HQ,SCA_Bodyform_Challenge - meet Janine_new,796110686,Active,,39539841097,ChallengeBodyform - Female 18 - 34 & Interest,GBP,128686,23209,182,1007.697519,0.141%,23092,17641,14745,7764
2017/04/09,O-R57M_2017_SCA_Bodyform_Trapeze_TrueView_Mar Apr,3092119,Paused,O-R57M,SCA_Bodyform_Trapeze_created for study,796412784,Active,,45020535807,Female 18 - 34 & Interest,GBP,119915,41627,210,1466.829679,0.175%,79498,57726,48395,41912
2017/04/09,O-R57M_2017_SCA_Bodyform_Trapeze_TrueView_Mar Apr,3092119,Paused,O-R57M,SCA_Bodyform_Trapeze_created for study,796412784,Active,,45020535967,Female 18 - 34 & keywords,GBP,2917,742,1,27.508137,0.034%,1734,1243,995,752
2017/04/09,O-R57M_2017_SCA_Bodyform_Trapeze_TrueView_Mar Apr,3092119,Paused,O-R57M,SCA_Bodyform_Trapeze_Paintball category_created for study,796412787,Active,,45020536007,Female 18 - 34 &Category,GBP,1,0,0,0.000000,0.000%,0,0,0,0
2017/04/09,O-R19T_2017_SCA_TENA MEN_4 in 1_March April_TrueView,3077774,Active,O-R19T,SCA_AV_TENA MEN - 60 secs,773050940,Active,,44134403889,"Copy of Copy of Male 45+ & Interest in Sports, HealthFitness, Health Insurance and Beauty product",GBP,263402,45294,291,1686.053415,0.110%,67172,43396,36067,30462
2017/04/09,O-R8HQ_2017_SCA_Bodyform_Challenge Test_TrueView_Mar Apr,3116329,Paused,O-R8HQ,SCA_Bodyform_Challenge - meet Chloe_new,796110683,Active,,39539840777,ChallengeBodyform - Trapeze retargeting & Female 18 - 34,GBP,26679,6101,53,184.870651,0.199%,6188,4748,3746,2531
2017/04/09,O-R8HQ_2017_SCA_Bodyform_Challenge Test_TrueView_Mar Apr,3116329,Paused,O-R8HQ,SCA_Bodyform_Challenge - meet Chloe_new,796110683,Active,,39539840817,ChallengeBodyform - Female 18 - 34 & keywords,GBP,10752,2147,15,64.000268,0.140%,2169,1656,1189,573
2017/04/09,O-R8HQ_2017_SCA_Bodyform_Challenge Test_TrueView_Mar Apr,3116329,Paused,O-R8HQ,SCA_Bodyform_Challenge - meet Chloe_new,796110683,Active,,39539840857,ChallengeBodyform - Female 18 - 34 & Interest,GBP,261621,46814,329,1349.324731,0.126%,47259,36032,25244,11183
2017/04/09,O-R8HQ_2017_SCA_Bodyform_Challenge Test_TrueView_Mar Apr,3116329,Paused,O-R8HQ,SCA_Bodyform_Challenge - meet Penny_new,796110680,Active,,39539840537,ChallengeBodyform - Trapeze retargeting & Female 18 - 34,GBP,41975,9155,71,312.985269,0.169%,8596,6298,4942,3380
2017/04/09,O-R8HQ_2017_SCA_Bodyform_Challenge Test_TrueView_Mar Apr,3116329,Paused,O-R8HQ,SCA_Bodyform_Challenge - meet Penny_new,796110680,Active,,39539840577,ChallengeBodyform - Female 18 - 34 & keywords,GBP,27086,4614,25,143.216287,0.092%,4233,2977,2182,949
2017/04/09,O-R8HQ_2017_SCA_Bodyform_Challenge Test_TrueView_Mar Apr,3116329,Paused,O-R8HQ,SCA_Bodyform_Challenge - meet Penny_new,796110680,Active,,39539840617,ChallengeBodyform - Female 18 - 34 & Interest,GBP,211521,34236,316,1137.944165,0.149%,31573,21939,15973,7668
2017/04/09,O-R8HQ_2017_SCA_Bodyform_Challenge Test_TrueView_Mar Apr,3116329,Paused,O-R8HQ,SCA_Bodyform_Challenge - meet Janine_new,796110686,Active,,39539841017,ChallengeBodyform - Trapeze retargeting & Female 18 - 34,GBP,48852,11517,97,475.852263,0.199%,11528,8839,7438,5175
2017/04/09,O-R8HQ_2017_SCA_Bodyform_Challenge Test_TrueView_Mar Apr,3116329,Paused,O-R8HQ,SCA_Bodyform_Challenge - meet Janine_new,796110686,Active,,39539841057,ChallengeBodyform - Female 18 - 34 & keywords,GBP,13668,2092,13,83.693756,0.095%,2100,1578,1322,570
2017/04/09,O-R8HQ_2017_SCA_Bodyform_Challenge Test_TrueView_Mar Apr,3116329,Paused,O-R8HQ,SCA_Bodyform_Challenge - meet Janine_new,796110686,Active,,39539841097,ChallengeBodyform - Female 18 - 34 & Interest,GBP,138538,24205,181,1044.553399,0.131%,24206,18472,15493,8045
2017/04/10,O-R57M_2017_SCA_Bodyform_Trapeze_TrueView_Mar Apr,3092119,Paused,O-R57M,SCA_Bodyform_Trapeze_created for study,796412784,Active,,45020535807,Female 18 - 34 & Interest,GBP,124262,41887,207,1497.712122,0.167%,80903,58514,48842,42230
2017/04/10,O-R57M_2017_SCA_Bodyform_Trapeze_TrueView_Mar Apr,3092119,Paused,O-R57M,SCA_Bodyform_Trapeze_created for study,796412784,Active,,45020535967,Female 18 - 34 & keywords,GBP,3526,798,4,30.792140,0.113%,2008,1367,1072,804
2017/04/10,O-R57M_2017_SCA_Bodyform_Trapeze_TrueView_Mar Apr,3092119,Paused,O-R57M,SCA_Bodyform_Trapeze_Paintball category_created for study,796412787,Active,,45020536007,Female 18 - 34 &Category,GBP,2,2,0,0.128339,0.000%,2,2,2,2
2017/04/10,O-R19T_2017_SCA_TENA MEN_4 in 1_March April_TrueView,3077774,Active,O-R19T,SCA_AV_TENA MEN - 60 secs,773050940,Active,,44134403889,"Copy of Copy of Male 45+ & Interest in Sports, HealthFitness, Health Insurance and Beauty product",GBP,219895,38244,240,1504.987507,0.109%,57262,37033,30706,25802
2017/04/10,O-R8HQ_2017_SCA_Bodyform_Challenge Test_TrueView_Mar Apr,3116329,Paused,O-R8HQ,SCA_Bodyform_Challenge - meet Chloe_new,796110683,Active,,39539840777,ChallengeBodyform - Trapeze retargeting & Female 18 - 34,GBP,28315,6917,62,228.154107,0.219%,7015,5419,4266,2937
2017/04/10,O-R8HQ_2017_SCA_Bodyform_Challenge Test_TrueView_Mar Apr,3116329,Paused,O-R8HQ,SCA_Bodyform_Challenge - meet Chloe_new,796110683,Active,,39539840817,ChallengeBodyform - Female 18 - 34 & keywords,GBP,15350,2887,20,89.498174,0.130%,2925,2250,1580,692
2017/04/10,O-R8HQ_2017_SCA_Bodyform_Challenge Test_TrueView_Mar Apr,3116329,Paused,O-R8HQ,SCA_Bodyform_Challenge - meet Chloe_new,796110683,Active,,39539840857,ChallengeBodyform - Female 18 - 34 & Interest,GBP,231146,40616,281,1315.046953,0.122%,41116,31264,22091,10006
2017/04/10,O-R8HQ_2017_SCA_Bodyform_Challenge Test_TrueView_Mar Apr,3116329,Paused,O-R8HQ,SCA_Bodyform_Challenge - meet Penny_new,796110680,Active,,39539840537,ChallengeBodyform - Trapeze retargeting & Female 18 - 34,GBP,42822,8911,90,340.604523,0.210%,8326,6015,4783,3394
2017/04/10,O-R8HQ_2017_SCA_Bodyform_Challenge Test_TrueView_Mar Apr,3116329,Paused,O-R8HQ,SCA_Bodyform_Challenge - meet Penny_new,796110680,Active,,39539840577,ChallengeBodyform - Female 18 - 34 & keywords,GBP,36769,5976,36,207.503681,0.098%,5471,3779,2735,1113
2017/04/10,O-R8HQ_2017_SCA_Bodyform_Challenge Test_TrueView_Mar Apr,3116329,Paused,O-R8HQ,SCA_Bodyform_Challenge - meet Penny_new,796110680,Active,,39539840617,ChallengeBodyform - Female 18 - 34 & Interest,GBP,184992,28362,231,1081.016160,0.125%,26126,17962,13241,6394
2017/04/10,O-R8HQ_2017_SCA_Bodyform_Challenge Test_TrueView_Mar Apr,3116329,Paused,O-R8HQ,SCA_Bodyform_Challenge - meet Janine_new,796110686,Active,,39539841017,ChallengeBodyform - Trapeze retargeting & Female 18 - 34,GBP,47181,10928,89,463.984009,0.189%,10933,8409,7123,5035
2017/04/10,O-R8HQ_2017_SCA_Bodyform_Challenge Test_TrueView_Mar Apr,3116329,Paused,O-R8HQ,SCA_Bodyform_Challenge - meet Janine_new,796110686,Active,,39539841057,ChallengeBodyform - Female 18 - 34 & keywords,GBP,17415,2723,23,113.959219,0.132%,2704,2081,1719,658
2017/04/10,O-R8HQ_2017_SCA_Bodyform_Challenge Test_TrueView_Mar Apr,3116329,Paused,O-R8HQ,SCA_Bodyform_Challenge - meet Janine_new,796110686,Active,,39539841097,ChallengeBodyform - Female 18 - 34 & Interest,GBP,135707,23351,155,1059.399544,0.114%,23347,17623,14717,8064
2017/04/11,O-R57M_2017_SCA_Bodyform_Trapeze_TrueView_Mar Apr,3092119,Paused,O-R57M,SCA_Bodyform_Trapeze_created for study,796412784,Active,,45020535807,Female 18 - 34 & Interest,GBP,108169,38736,169,1463.422764,0.156%,72366,53099,44882,39241
2017/04/11,O-R57M_2017_SCA_Bodyform_Trapeze_TrueView_Mar Apr,3092119,Paused,O-R57M,SCA_Bodyform_Trapeze_created for study,796412784,Active,,45020535967,Female 18 - 34 & keywords,GBP,3456,892,2,36.640043,0.058%,2029,1393,1141,904
2017/04/11,O-R57M_2017_SCA_Bodyform_Trapeze_TrueView_Mar Apr,3092119,Paused,O-R57M,SCA_Bodyform_Trapeze_Paintball category_created for study,796412787,Active,,45020536007,Female 18 - 34 &Category,GBP,2,0,0,0.000000,0.000%,0,0,0,0
2017/04/11,O-R19T_2017_SCA_TENA MEN_4 in 1_March April_TrueView,3077774,Active,O-R19T,SCA_AV_TENA MEN - 60 secs,773050940,Active,,44134403889,"Copy of Copy of Male 45+ & Interest in Sports, HealthFitness, Health Insurance and Beauty product",GBP,230102,44798,277,1739.478170,0.120%,65100,43438,36347,30638
2017/04/11,O-R8HQ_2017_SCA_Bodyform_Challenge Test_TrueView_Mar Apr,3116329,Paused,O-R8HQ,SCA_Bodyform_Challenge - meet Chloe_new,796110683,Active,,39539840777,ChallengeBodyform - Trapeze retargeting & Female 18 - 34,GBP,20780,5850,47,208.411262,0.226%,5938,4636,3670,2726
2017/04/11,O-R8HQ_2017_SCA_Bodyform_Challenge Test_TrueView_Mar Apr,3116329,Paused,O-R8HQ,SCA_Bodyform_Challenge - meet Chloe_new,796110683,Active,,39539840817,ChallengeBodyform - Female 18 - 34 & keywords,GBP,15261,2917,11,94.980996,0.072%,2916,2209,1606,826
2017/04/11,O-R8HQ_2017_SCA_Bodyform_Challenge Test_TrueView_Mar Apr,3116329,Paused,O-R8HQ,SCA_Bodyform_Challenge - meet Chloe_new,796110683,Active,,39539840857,ChallengeBodyform - Female 18 - 34 & Interest,GBP,187520,34777,232,1203.966159,0.124%,34975,26255,18652,9509
2017/04/11,O-R8HQ_2017_SCA_Bodyform_Challenge Test_TrueView_Mar Apr,3116329,Paused,O-R8HQ,SCA_Bodyform_Challenge - meet Penny_new,796110680,Active,,39539840537,ChallengeBodyform - Trapeze retargeting & Female 18 - 34,GBP,28741,6539,61,257.198456,0.212%,6150,4504,3595,2631
2017/04/11,O-R8HQ_2017_SCA_Bodyform_Challenge Test_TrueView_Mar Apr,3116329,Paused,O-R8HQ,SCA_Bodyform_Challenge - meet Penny_new,796110680,Active,,39539840577,ChallengeBodyform - Female 18 - 34 & keywords,GBP,31645,5336,31,199.939037,0.098%,4893,3361,2481,1183
2017/04/11,O-R8HQ_2017_SCA_Bodyform_Challenge Test_TrueView_Mar Apr,3116329,Paused,O-R8HQ,SCA_Bodyform_Challenge - meet Penny_new,796110680,Active,,39539840617,ChallengeBodyform - Female 18 - 34 & Interest,GBP,148391,25823,171,1053.641635,0.115%,23762,16573,12204,7019
2017/04/11,O-R8HQ_2017_SCA_Bodyform_Challenge Test_TrueView_Mar Apr,3116329,Paused,O-R8HQ,SCA_Bodyform_Challenge - meet Janine_new,796110686,Active,,39539841017,ChallengeBodyform - Trapeze retargeting & Female 18 - 34,GBP,38864,9553,99,402.585685,0.255%,9461,7298,6152,4516
2017/04/11,O-R8HQ_2017_SCA_Bodyform_Challenge Test_TrueView_Mar Apr,3116329,Paused,O-R8HQ,SCA_Bodyform_Challenge - meet Janine_new,796110686,Active,,39539841057,ChallengeBodyform - Female 18 - 34 & keywords,GBP,17400,2841,11,118.873541,0.063%,2810,2155,1770,722
2017/04/11,O-R8HQ_2017_SCA_Bodyform_Challenge Test_TrueView_Mar Apr,3116329,Paused,O-R8HQ,SCA_Bodyform_Challenge - meet Janine_new,796110686,Active,,39539841097,ChallengeBodyform - Female 18 - 34 & Interest,GBP,107344,22121,165,986.754443,0.154%,21967,16656,13790,8515
2017/04/12,O-R57M_2017_SCA_Bodyform_Trapeze_TrueView_Mar Apr,3092119,Paused,O-R57M,SCA_Bodyform_Trapeze_created for study,796412784,Active,,45020535807,Female 18 - 34 & Interest,GBP,116131,39158,200,1429.227996,0.172%,75443,54456,45350,39098
2017/04/12,O-R57M_2017_SCA_Bodyform_Trapeze_TrueView_Mar Apr,3092119,Paused,O-R57M,SCA_Bodyform_Trapeze_created for study,796412784,Active,,45020535967,Female 18 - 34 & keywords,GBP,5552,1366,5,56.472896,0.090%,3189,2186,1756,1352
2017/04/12,O-R19T_2017_SCA_TENA MEN_4 in 1_March April_TrueView,3077774,Active,O-R19T,SCA_AV_TENA MEN - 60 secs,773050940,Active,,44134403889,"Copy of Copy of Male 45+ & Interest in Sports, HealthFitness, Health Insurance and Beauty product",GBP,239239,47880,302,1834.346226,0.126%,68596,45911,38340,32765
2017/04/12,O-R8HQ_2017_SCA_Bodyform_Challenge Test_TrueView_Mar Apr,3116329,Paused,O-R8HQ,SCA_Bodyform_Challenge - meet Chloe_new,796110683,Active,,39539840777,ChallengeBodyform - Trapeze retargeting & Female 18 - 34,GBP,24613,6433,60,227.236773,0.244%,6361,4844,3862,2819
2017/04/12,O-R8HQ_2017_SCA_Bodyform_Challenge Test_TrueView_Mar Apr,3116329,Paused,O-R8HQ,SCA_Bodyform_Challenge - meet Chloe_new,796110683,Active,,39539840817,ChallengeBodyform - Female 18 - 34 & keywords,GBP,16488,2733,18,91.966168,0.109%,2652,1985,1403,679
2017/04/12,O-R8HQ_2017_SCA_Bodyform_Challenge Test_TrueView_Mar Apr,3116329,Paused,O-R8HQ,SCA_Bodyform_Challenge - meet Chloe_new,796110683,Active,,39539840857,ChallengeBodyform - Female 18 - 34 & Interest,GBP,197368,33636,226,1173.398872,0.115%,32385,24223,16947,7622
2017/04/12,O-R8HQ_2017_SCA_Bodyform_Challenge Test_TrueView_Mar Apr,3116329,Paused,O-R8HQ,SCA_Bodyform_Challenge - meet Penny_new,796110680,Active,,39539840537,ChallengeBodyform - Trapeze retargeting & Female 18 - 34,GBP,33006,6751,74,276.565917,0.224%,6057,4369,3454,2486
2017/04/12,O-R8HQ_2017_SCA_Bodyform_Challenge Test_TrueView_Mar Apr,3116329,Paused,O-R8HQ,SCA_Bodyform_Challenge - meet Penny_new,796110680,Active,,39539840577,ChallengeBodyform - Female 18 - 34 & keywords,GBP,31446,4693,33,184.924545,0.105%,4085,2808,2053,872
2017/04/12,O-R8HQ_2017_SCA_Bodyform_Challenge Test_TrueView_Mar Apr,3116329,Paused,O-R8HQ,SCA_Bodyform_Challenge - meet Penny_new,796110680,Active,,39539840617,ChallengeBodyform - Female 18 - 34 & Interest,GBP,155584,24205,177,1030.517713,0.114%,21211,14551,10627,5547
2017/04/12,O-R8HQ_2017_SCA_Bodyform_Challenge Test_TrueView_Mar Apr,3116329,Paused,O-R8HQ,SCA_Bodyform_Challenge - meet Janine_new,796110686,Active,,39539841017,ChallengeBodyform - Trapeze retargeting & Female 18 - 34,GBP,48804,10506,136,442.530160,0.279%,10055,7530,6378,4581
2017/04/12,O-R8HQ_2017_SCA_Bodyform_Challenge Test_TrueView_Mar Apr,3116329,Paused,O-R8HQ,SCA_Bodyform_Challenge - meet Janine_new,796110686,Active,,39539841057,ChallengeBodyform - Female 18 - 34 & keywords,GBP,19183,3029,20,126.333843,0.104%,2854,2118,1751,674
2017/04/12,O-R8HQ_2017_SCA_Bodyform_Challenge Test_TrueView_Mar Apr,3116329,Paused,O-R8HQ,SCA_Bodyform_Challenge - meet Janine_new,796110686,Active,,39539841097,ChallengeBodyform - Female 18 - 34 & Interest,GBP,126139,21345,238,923.594276,0.189%,20310,14996,12288,6985
2017/04/13,O-R57M_2017_SCA_Bodyform_Trapeze_TrueView_Mar Apr,3092119,Paused,O-R57M,SCA_Bodyform_Trapeze_created for study,796412784,Active,,45020535807,Female 18 - 34 & Interest,GBP,98047,33280,191,1307.812947,0.195%,63882,46301,38568,33259
2017/04/13,O-R57M_2017_SCA_Bodyform_Trapeze_TrueView_Mar Apr,3092119,Paused,O-R57M,SCA_Bodyform_Trapeze_created for study,796412784,Active,,45020535967,Female 18 - 34 & keywords,GBP,3231,927,7,41.125836,0.217%,1903,1352,1115,918
2017/04/13,O-R57M_2017_SCA_Bodyform_Trapeze_TrueView_Mar Apr,3092119,Paused,O-R57M,SCA_Bodyform_Trapeze_Paintball category_created for study,796412787,Active,,45020536007,Female 18 - 34 &Category,GBP,2,0,0,0.000000,0.000%,2,0,0,0
2017/04/13,O-R19T_2017_SCA_TENA MEN_4 in 1_March April_TrueView,3077774,Active,O-R19T,SCA_AV_TENA MEN - 60 secs,773050940,Active,,44134403889,"Copy of Copy of Male 45+ & Interest in Sports, HealthFitness, Health Insurance and Beauty product",GBP,224825,45419,259,1795.236885,0.115%,64703,43442,36249,30932
2017/04/13,O-R8HQ_2017_SCA_Bodyform_Challenge Test_TrueView_Mar Apr,3116329,Paused,O-R8HQ,SCA_Bodyform_Challenge - meet Chloe_new,796110683,Active,,39539840777,ChallengeBodyform - Trapeze retargeting & Female 18 - 34,GBP,22852,6081,52,236.909763,0.228%,5979,4533,3552,2653
2017/04/13,O-R8HQ_2017_SCA_Bodyform_Challenge Test_TrueView_Mar Apr,3116329,Paused,O-R8HQ,SCA_Bodyform_Challenge - meet Chloe_new,796110683,Active,,39539840817,ChallengeBodyform - Female 18 - 34 & keywords,GBP,11796,2015,9,80.829071,0.076%,1940,1424,1026,511
2017/04/13,O-R8HQ_2017_SCA_Bodyform_Challenge Test_TrueView_Mar Apr,3116329,Paused,O-R8HQ,SCA_Bodyform_Challenge - meet Chloe_new,796110683,Active,,39539840857,ChallengeBodyform - Female 18 - 34 & Interest,GBP,182449,29737,215,1179.548042,0.118%,28672,21276,15144,7255
2017/04/13,O-R8HQ_2017_SCA_Bodyform_Challenge Test_TrueView_Mar Apr,3116329,Paused,O-R8HQ,SCA_Bodyform_Challenge - meet Penny_new,796110680,Active,,39539840537,ChallengeBodyform - Trapeze retargeting & Female 18 - 34,GBP,32269,6587,88,298.980310,0.273%,5889,4182,3300,2456
2017/04/13,O-R8HQ_2017_SCA_Bodyform_Challenge Test_TrueView_Mar Apr,3116329,Paused,O-R8HQ,SCA_Bodyform_Challenge - meet Penny_new,796110680,Active,,39539840577,ChallengeBodyform - Female 18 - 34 & keywords,GBP,22735,3362,28,148.641413,0.123%,2887,1969,1423,652
2017/04/13,O-R8HQ_2017_SCA_Bodyform_Challenge Test_TrueView_Mar Apr,3116329,Paused,O-R8HQ,SCA_Bodyform_Challenge - meet Penny_new,796110680,Active,,39539840617,ChallengeBodyform - Female 18 - 34 & Interest,GBP,150417,22275,199,1048.795178,0.132%,19332,13035,9590,5145
2017/04/13,O-R8HQ_2017_SCA_Bodyform_Challenge Test_TrueView_Mar Apr,3116329,Paused,O-R8HQ,SCA_Bodyform_Challenge - meet Janine_new,796110686,Active,,39539841017,ChallengeBodyform - Trapeze retargeting & Female 18 - 34,GBP,40066,9631,93,428.730171,0.232%,9268,7006,6017,4428
2017/04/13,O-R8HQ_2017_SCA_Bodyform_Challenge Test_TrueView_Mar Apr,3116329,Paused,O-R8HQ,SCA_Bodyform_Challenge - meet Janine_new,796110686,Active,,39539841057,ChallengeBodyform - Female 18 - 34 & keywords,GBP,12489,2150,17,97.591399,0.136%,2028,1542,1286,600
2017/04/13,O-R8HQ_2017_SCA_Bodyform_Challenge Test_TrueView_Mar Apr,3116329,Paused,O-R8HQ,SCA_Bodyform_Challenge - meet Janine_new,796110686,Active,,39539841097,ChallengeBodyform - Female 18 - 34 & Interest,GBP,106454,18581,187,864.387448,0.176%,17592,13234,10991,6337
2017/04/14,O-R57M_2017_SCA_Bodyform_Trapeze_TrueView_Mar Apr,3092119,Paused,O-R57M,SCA_Bodyform_Trapeze_created for study,796412784,Active,,45020535807,Female 18 - 34 & Interest,GBP,98804,34071,189,1308.310269,0.191%,64832,46944,39300,34228
2017/04/14,O-R57M_2017_SCA_Bodyform_Trapeze_TrueView_Mar Apr,3092119,Paused,O-R57M,SCA_Bodyform_Trapeze_created for study,796412784,Active,,45020535967,Female 18 - 34 & keywords,GBP,2366,690,2,29.464867,0.085%,1428,1034,858,691
2017/04/14,O-R57M_2017_SCA_Bodyform_Trapeze_TrueView_Mar Apr,3092119,Paused,O-R57M,SCA_Bodyform_Trapeze_Paintball category_created for study,796412787,Active,,45020536007,Female 18 - 34 &Category,GBP,1,0,0,0.000000,0.000%,0,0,0,0
2017/04/14,O-R19T_2017_SCA_TENA MEN_4 in 1_March April_TrueView,3077774,Active,O-R19T,SCA_AV_TENA MEN - 60 secs,773050940,Active,,38771910697,"Male 45+ & Interest in Sports, HealthFitness, Health Insurance and Beauty product",GBP,119350,18381,118,715.364961,0.099%,27887,17260,13994,11577
2017/04/14,O-R19T_2017_SCA_TENA MEN_4 in 1_March April_TrueView,3077774,Active,O-R19T,SCA_AV_TENA MEN - 60 secs,773050940,Active,,39616505657,"Copy of Male 45+ & Interest in Sports, HealthFitness, Health Insurance and Beauty product",GBP,118898,18532,135,720.121251,0.114%,28042,17462,14145,11684
2017/04/14,O-R19T_2017_SCA_TENA MEN_4 in 1_March April_TrueView,3077774,Active,O-R19T,SCA_AV_TENA MEN - 60 secs,773050940,Active,,44134403889,"Copy of Copy of Male 45+ & Interest in Sports, HealthFitness, Health Insurance and Beauty product",GBP,84049,19281,102,752.371603,0.121%,26918,18732,15949,14046
2017/04/14,O-R8HQ_2017_SCA_Bodyform_Challenge Test_TrueView_Mar Apr,3116329,Paused,O-R8HQ,SCA_Bodyform_Challenge - meet Chloe_new,796110683,Active,,39539840777,ChallengeBodyform - Trapeze retargeting & Female 18 - 34,GBP,24838,7046,49,263.742283,0.197%,7079,5399,4325,3306
2017/04/14,O-R8HQ_2017_SCA_Bodyform_Challenge Test_TrueView_Mar Apr,3116329,Paused,O-R8HQ,SCA_Bodyform_Challenge - meet Chloe_new,796110683,Active,,39539840817,ChallengeBodyform - Female 18 - 34 & keywords,GBP,11148,2052,15,81.535151,0.135%,2036,1512,1104,637
2017/04/14,O-R8HQ_2017_SCA_Bodyform_Challenge Test_TrueView_Mar Apr,3116329,Paused,O-R8HQ,SCA_Bodyform_Challenge - meet Chloe_new,796110683,Active,,39539840857,ChallengeBodyform - Female 18 - 34 & Interest,GBP,175239,29175,196,1120.078551,0.112%,28906,21452,15378,8017
2017/04/14,O-R8HQ_2017_SCA_Bodyform_Challenge Test_TrueView_Mar Apr,3116329,Paused,O-R8HQ,SCA_Bodyform_Challenge - meet Penny_new,796110680,Active,,39539840537,ChallengeBodyform - Trapeze retargeting & Female 18 - 34,GBP,35954,7442,86,335.770768,0.239%,6806,4860,3822,2964
2017/04/14,O-R8HQ_2017_SCA_Bodyform_Challenge Test_TrueView_Mar Apr,3116329,Paused,O-R8HQ,SCA_Bodyform_Challenge - meet Penny_new,796110680,Active,,39539840577,ChallengeBodyform - Female 18 - 34 & keywords,GBP,17939,2500,26,116.551632,0.145%,2204,1524,1099,546
2017/04/14,O-R8HQ_2017_SCA_Bodyform_Challenge Test_TrueView_Mar Apr,3116329,Paused,O-R8HQ,SCA_Bodyform_Challenge - meet Penny_new,796110680,Active,,39539840617,ChallengeBodyform - Female 18 - 34 & Interest,GBP,144978,21186,215,1004.501188,0.148%,19049,13225,9851,5435
2017/04/14,O-R8HQ_2017_SCA_Bodyform_Challenge Test_TrueView_Mar Apr,3116329,Paused,O-R8HQ,SCA_Bodyform_Challenge - meet Janine_new,796110686,Active,,39539841017,ChallengeBodyform - Trapeze retargeting & Female 18 - 34,GBP,43722,10693,128,483.014234,0.293%,10461,7893,6754,5118
2017/04/14,O-R8HQ_2017_SCA_Bodyform_Challenge Test_TrueView_Mar Apr,3116329,Paused,O-R8HQ,SCA_Bodyform_Challenge - meet Janine_new,796110686,Active,,39539841057,ChallengeBodyform - Female 18 - 34 & keywords,GBP,8815,1511,15,71.364793,0.170%,1476,1120,948,471
2017/04/14,O-R8HQ_2017_SCA_Bodyform_Challenge Test_TrueView_Mar Apr,3116329,Paused,O-R8HQ,SCA_Bodyform_Challenge - meet Janine_new,796110686,Active,,39539841097,ChallengeBodyform - Female 18 - 34 & Interest,GBP,108039,19685,187,945.244947,0.173%,19272,14524,12173,7484
2017/04/15,O-R57M_2017_SCA_Bodyform_Trapeze_TrueView_Mar Apr,3092119,Paused,O-R57M,SCA_Bodyform_Trapeze_created for study,796412784,Active,,45020535807,Female 18 - 34 & Interest,GBP,93968,34204,152,1308.365499,0.162%,63025,46389,39380,34606
2017/04/15,O-R57M_2017_SCA_Bodyform_Trapeze_TrueView_Mar Apr,3092119,Paused,O-R57M,SCA_Bodyform_Trapeze_created for study,796412784,Active,,45020535967,Female 18 - 34 & keywords,GBP,2955,895,5,37.437757,0.169%,1815,1289,1071,903
2017/04/15,O-R57M_2017_SCA_Bodyform_Trapeze_TrueView_Mar Apr,3092119,Paused,O-R57M,SCA_Bodyform_Trapeze_Paintball category_created for study,796412787,Active,,45020536007,Female 18 - 34 &Category,GBP,2,1,0,0.057157,0.000%,1,1,1,1
2017/04/15,O-R19T_2017_SCA_TENA MEN_4 in 1_March April_TrueView,3077774,Active,O-R19T,SCA_AV_TENA MEN - 60 secs,773050940,Active,,38771910697,"Male 45+ & Interest in Sports, HealthFitness, Health Insurance and Beauty product",GBP,39222,7714,28,300.050503,0.071%,11034,7461,6325,5501
2017/04/15,O-R19T_2017_SCA_TENA MEN_4 in 1_March April_TrueView,3077774,Active,O-R19T,SCA_AV_TENA MEN - 60 secs,773050940,Active,,39616505657,"Copy of Male 45+ & Interest in Sports, HealthFitness, Health Insurance and Beauty product",GBP,84830,12286,89,495.024540,0.105%,18841,11573,9384,7702
2017/04/15,O-R19T_2017_SCA_TENA MEN_4 in 1_March April_TrueView,3077774,Active,O-R19T,SCA_AV_TENA MEN - 60 secs,773050940,Active,,44134403889,"Copy of Copy of Male 45+ & Interest in Sports, HealthFitness, Health Insurance and Beauty product",GBP,132884,28642,206,1116.344428,0.155%,41239,27690,22916,19855
2017/04/15,O-R8HQ_2017_SCA_Bodyform_Challenge Test_TrueView_Mar Apr,3116329,Paused,O-R8HQ,SCA_Bodyform_Challenge - meet Chloe_new,796110683,Active,,39539840777,ChallengeBodyform - Trapeze retargeting & Female 18 - 34,GBP,25769,7209,55,289.656869,0.213%,7270,5496,4421,3442
2017/04/15,O-R8HQ_2017_SCA_Bodyform_Challenge Test_TrueView_Mar Apr,3116329,Paused,O-R8HQ,SCA_Bodyform_Challenge - meet Chloe_new,796110683,Active,,39539840817,ChallengeBodyform - Female 18 - 34 & keywords,GBP,14539,2568,16,107.112145,0.110%,2562,1940,1390,788
2017/04/15,O-R8HQ_2017_SCA_Bodyform_Challenge Test_TrueView_Mar Apr,3116329,Paused,O-R8HQ,SCA_Bodyform_Challenge - meet Chloe_new,796110683,Active,,39539840857,ChallengeBodyform - Female 18 - 34 & Interest,GBP,169835,26769,210,1100.015229,0.124%,26518,19415,13775,7280
2017/04/15,O-R8HQ_2017_SCA_Bodyform_Challenge Test_TrueView_Mar Apr,3116329,Paused,O-R8HQ,SCA_Bodyform_Challenge - meet Penny_new,796110680,Active,,39539840537,ChallengeBodyform - Trapeze retargeting & Female 18 - 34,GBP,31528,6548,50,302.131284,0.159%,6037,4287,3437,2569
2017/04/15,O-R8HQ_2017_SCA_Bodyform_Challenge Test_TrueView_Mar Apr,3116329,Paused,O-R8HQ,SCA_Bodyform_Challenge - meet Penny_new,796110680,Active,,39539840577,ChallengeBodyform - Female 18 - 34 & keywords,GBP,21581,2994,29,141.206027,0.134%,2662,1830,1331,666
2017/04/15,O-R8HQ_2017_SCA_Bodyform_Challenge Test_TrueView_Mar Apr,3116329,Paused,O-R8HQ,SCA_Bodyform_Challenge - meet Penny_new,796110680,Active,,39539840617,ChallengeBodyform - Female 18 - 34 & Interest,GBP,147709,21559,227,1052.973172,0.154%,19494,13256,9945,5812
2017/04/15,O-R8HQ_2017_SCA_Bodyform_Challenge Test_TrueView_Mar Apr,3116329,Paused,O-R8HQ,SCA_Bodyform_Challenge - meet Janine_new,796110686,Active,,39539841017,ChallengeBodyform - Trapeze retargeting & Female 18 - 34,GBP,41727,10192,109,495.536235,0.261%,10031,7649,6488,4955
2017/04/15,O-R8HQ_2017_SCA_Bodyform_Challenge Test_TrueView_Mar Apr,3116329,Paused,O-R8HQ,SCA_Bodyform_Challenge - meet Janine_new,796110686,Active,,39539841057,ChallengeBodyform - Female 18 - 34 & keywords,GBP,11611,1736,12,87.464521,0.103%,1693,1293,1067,551
2017/04/15,O-R8HQ_2017_SCA_Bodyform_Challenge Test_TrueView_Mar Apr,3116329,Paused,O-R8HQ,SCA_Bodyform_Challenge - meet Janine_new,796110686,Active,,39539841097,ChallengeBodyform - Female 18 - 34 & Interest,GBP,108198,18191,180,948.433196,0.166%,17796,13077,10797,6745
2017/04/16,O-R57M_2017_SCA_Bodyform_Trapeze_TrueView_Mar Apr,3092119,Paused,O-R57M,SCA_Bodyform_Trapeze_created for study,796412784,Active,,45020535807,Female 18 - 34 & Interest,GBP,103223,34984,225,1325.149813,0.218%,67074,48451,40498,35137
2017/04/16,O-R57M_2017_SCA_Bodyform_Trapeze_TrueView_Mar Apr,3092119,Paused,O-R57M,SCA_Bodyform_Trapeze_created for study,796412784,Active,,45020535967,Female 18 - 34 & keywords,GBP,3372,890,8,36.566007,0.237%,1934,1350,1098,888
2017/04/16,O-R57M_2017_SCA_Bodyform_Trapeze_TrueView_Mar Apr,3092119,Paused,O-R57M,SCA_Bodyform_Trapeze_Paintball category_created for study,796412787,Active,,45020536007,Female 18 - 34 &Category,GBP,2,0,0,0.000000,0.000%,0,0,0,0
2017/04/16,O-R19T_2017_SCA_TENA MEN_4 in 1_March April_TrueView,3077774,Active,O-R19T,SCA_AV_TENA MEN - 60 secs,773050940,Active,,38771910697,"Male 45+ & Interest in Sports, HealthFitness, Health Insurance and Beauty product",GBP,13972,2780,21,111.827109,0.150%,3976,2709,2296,1973
2017/04/16,O-R19T_2017_SCA_TENA MEN_4 in 1_March April_TrueView,3077774,Active,O-R19T,SCA_AV_TENA MEN - 60 secs,773050940,Active,,39616505657,"Copy of Male 45+ & Interest in Sports, HealthFitness, Health Insurance and Beauty product",GBP,15457,3099,7,123.615682,0.045%,4483,3104,2673,2347
2017/04/16,O-R19T_2017_SCA_TENA MEN_4 in 1_March April_TrueView,3077774,Active,O-R19T,SCA_AV_TENA MEN - 60 secs,773050940,Active,,44134403889,"Copy of Copy of Male 45+ & Interest in Sports, HealthFitness, Health Insurance and Beauty product",GBP,229024,44650,317,1797.292842,0.138%,64664,42692,35323,29995
2017/04/16,O-R8HQ_2017_SCA_Bodyform_Challenge Test_TrueView_Mar Apr,3116329,Paused,O-R8HQ,SCA_Bodyform_Challenge - meet Chloe_new,796110683,Active,,39539840777,ChallengeBodyform - Trapeze retargeting & Female 18 - 34,GBP,23942,6481,42,269.036649,0.175%,6538,5028,4046,3157
2017/04/16,O-R8HQ_2017_SCA_Bodyform_Challenge Test_TrueView_Mar Apr,3116329,Paused,O-R8HQ,SCA_Bodyform_Challenge - meet Chloe_new,796110683,Active,,39539840817,ChallengeBodyform - Female 18 - 34 & keywords,GBP,11752,1962,13,82.791500,0.111%,1938,1397,986,530
2017/04/16,O-R8HQ_2017_SCA_Bodyform_Challenge Test_TrueView_Mar Apr,3116329,Paused,O-R8HQ,SCA_Bodyform_Challenge - meet Chloe_new,796110683,Active,,39539840857,ChallengeBodyform - Female 18 - 34 & Interest,GBP,175977,27424,189,1176.370889,0.107%,27182,20017,14272,7323
2017/04/16,O-R8HQ_2017_SCA_Bodyform_Challenge Test_TrueView_Mar Apr,3116329,Paused,O-R8HQ,SCA_Bodyform_Challenge - meet Penny_new,796110680,Active,,39539840537,ChallengeBodyform - Trapeze retargeting & Female 18 - 34,GBP,27555,5951,38,288.812871,0.138%,5545,3990,3220,2470
2017/04/16,O-R8HQ_2017_SCA_Bodyform_Challenge Test_TrueView_Mar Apr,3116329,Paused,O-R8HQ,SCA_Bodyform_Challenge - meet Penny_new,796110680,Active,,39539840577,ChallengeBodyform - Female 18 - 34 & keywords,GBP,16759,2347,23,114.327716,0.137%,2085,1437,1051,523
2017/04/16,O-R8HQ_2017_SCA_Bodyform_Challenge Test_TrueView_Mar Apr,3116329,Paused,O-R8HQ,SCA_Bodyform_Challenge - meet Penny_new,796110680,Active,,39539840617,ChallengeBodyform - Female 18 - 34 & Interest,GBP,144234,21863,174,1126.958911,0.121%,19879,13750,10388,6031
2017/04/16,O-R8HQ_2017_SCA_Bodyform_Challenge Test_TrueView_Mar Apr,3116329,Paused,O-R8HQ,SCA_Bodyform_Challenge - meet Janine_new,796110686,Active,,39539841017,ChallengeBodyform - Trapeze retargeting & Female 18 - 34,GBP,38973,9399,72,459.854334,0.185%,9285,7031,5934,4520
2017/04/16,O-R8HQ_2017_SCA_Bodyform_Challenge Test_TrueView_Mar Apr,3116329,Paused,O-R8HQ,SCA_Bodyform_Challenge - meet Janine_new,796110686,Active,,39539841057,ChallengeBodyform - Female 18 - 34 & keywords,GBP,12640,1753,11,87.849868,0.087%,1693,1280,1058,517
2017/04/16,O-R8HQ_2017_SCA_Bodyform_Challenge Test_TrueView_Mar Apr,3116329,Paused,O-R8HQ,SCA_Bodyform_Challenge - meet Janine_new,796110686,Active,,39539841097,ChallengeBodyform - Female 18 - 34 & Interest,GBP,116215,19464,148,1000.128165,0.127%,19077,14267,11787,7175
2017/04/17,O-R57M_2017_SCA_Bodyform_Trapeze_TrueView_Mar Apr,3092119,Paused,O-R57M,SCA_Bodyform_Trapeze_created for study,796412784,Active,,45020535807,Female 18 - 34 & Interest,GBP,0,0,0,0.000000,0.000%,8,8,8,8
2017/04/17,O-R19T_2017_SCA_TENA MEN_4 in 1_March April_TrueView,3077774,Active,O-R19T,SCA_AV_TENA MEN - 60 secs,773050940,Active,,38771910697,"Male 45+ & Interest in Sports, HealthFitness, Health Insurance and Beauty product",GBP,12953,2601,10,106.191960,0.077%,3680,2538,2177,1874
2017/04/17,O-R19T_2017_SCA_TENA MEN_4 in 1_March April_TrueView,3077774,Active,O-R19T,SCA_AV_TENA MEN - 60 secs,773050940,Active,,39616505657,"Copy of Male 45+ & Interest in Sports, HealthFitness, Health Insurance and Beauty product",GBP,16057,3243,9,131.067790,0.056%,4643,3216,2768,2427
2017/04/17,O-R19T_2017_SCA_TENA MEN_4 in 1_March April_TrueView,3077774,Active,O-R19T,SCA_AV_TENA MEN - 60 secs,773050940,Active,,44134403889,"Copy of Copy of Male 45+ & Interest in Sports, HealthFitness, Health Insurance and Beauty product",GBP,233040,43728,339,1779.611430,0.145%,63786,41855,34614,29333
2017/04/17,O-R8HQ_2017_SCA_Bodyform_Challenge Test_TrueView_Mar Apr,3116329,Paused,O-R8HQ,SCA_Bodyform_Challenge - meet Chloe_new,796110683,Active,,39539840777,ChallengeBodyform - Trapeze retargeting & Female 18 - 34,GBP,0,0,0,0.000000,0.000%,1,1,1,1
2017/04/17,O-R8HQ_2017_SCA_Bodyform_Challenge Test_TrueView_Mar Apr,3116329,Paused,O-R8HQ,SCA_Bodyform_Challenge - meet Chloe_new,796110683,Active,,39539840857,ChallengeBodyform - Female 18 - 34 & Interest,GBP,0,0,0,0.000000,0.000%,0,0,0,1
2017/04/17,O-R8HQ_2017_SCA_Bodyform_Challenge Test_TrueView_Mar Apr,3116329,Paused,O-R8HQ,SCA_Bodyform_Challenge - meet Penny_new,796110680,Active,,39539840617,ChallengeBodyform - Female 18 - 34 & Interest,GBP,0,0,0,0.000000,0.000%,8,9,9,9
2017/04/17,O-R8HQ_2017_SCA_Bodyform_Challenge Test_TrueView_Mar Apr,3116329,Paused,O-R8HQ,SCA_Bodyform_Challenge - meet Janine_new,796110686,Active,,39539841017,ChallengeBodyform - Trapeze retargeting & Female 18 - 34,GBP,0,0,0,0.000000,0.000%,14,15,15,15
2017/04/17,O-R8HQ_2017_SCA_Bodyform_Challenge Test_TrueView_Mar Apr,3116329,Paused,O-R8HQ,SCA_Bodyform_Challenge - meet Janine_new,796110686,Active,,39539841057,ChallengeBodyform - Female 18 - 34 & keywords,GBP,0,0,0,0.000000,0.000%,2,2,2,2
2017/04/17,O-R8HQ_2017_SCA_Bodyform_Challenge Test_TrueView_Mar Apr,3116329,Paused,O-R8HQ,SCA_Bodyform_Challenge - meet Janine_new,796110686,Active,,39539841097,ChallengeBodyform - Female 18 - 34 & Interest,GBP,0,0,0,0.000000,0.000%,36,36,36,36
2017/04/18,O-R19T_2017_SCA_TENA MEN_4 in 1_March April_TrueView,3077774,Active,O-R19T,SCA_AV_TENA MEN - 60 secs,773050940,Active,,38771910697,"Male 45+ & Interest in Sports, HealthFitness, Health Insurance and Beauty product",GBP,15137,3038,17,121.963573,0.112%,4300,2931,2487,2141
2017/04/18,O-R19T_2017_SCA_TENA MEN_4 in 1_March April_TrueView,3077774,Active,O-R19T,SCA_AV_TENA MEN - 60 secs,773050940,Active,,39616505657,"Copy of Male 45+ & Interest in Sports, HealthFitness, Health Insurance and Beauty product",GBP,15924,3292,10,130.285981,0.063%,4680,3271,2784,2484
2017/04/18,O-R19T_2017_SCA_TENA MEN_4 in 1_March April_TrueView,3077774,Active,O-R19T,SCA_AV_TENA MEN - 60 secs,773050940,Active,,44134403889,"Copy of Copy of Male 45+ & Interest in Sports, HealthFitness, Health Insurance and Beauty product",GBP,176287,33837,251,1366.299306,0.142%,48822,32419,26949,22860
2017/04/19,O-R19T_2017_SCA_TENA MEN_4 in 1_March April_TrueView,3077774,Active,O-R19T,SCA_AV_TENA MEN - 60 secs,773050940,Active,,38771910697,"Male 45+ & Interest in Sports, HealthFitness, Health Insurance and Beauty product",GBP,17354,3601,13,145.815184,0.075%,5110,3517,2968,2545
2017/04/19,O-R19T_2017_SCA_TENA MEN_4 in 1_March April_TrueView,3077774,Active,O-R19T,SCA_AV_TENA MEN - 60 secs,773050940,Active,,39616505657,"Copy of Male 45+ & Interest in Sports, HealthFitness, Health Insurance and Beauty product",GBP,20180,4215,25,168.428320,0.124%,5991,4182,3569,3149
2017/04/19,O-R19T_2017_SCA_TENA MEN_4 in 1_March April_TrueView,3077774,Active,O-R19T,SCA_AV_TENA MEN - 60 secs,773050940,Active,,44134403889,"Copy of Copy of Male 45+ & Interest in Sports, HealthFitness, Health Insurance and Beauty product",GBP,178633,35182,233,1433.300583,0.130%,51060,34042,28276,24063
2017/04/20,O-R19T_2017_SCA_TENA MEN_4 in 1_March April_TrueView,3077774,Active,O-R19T,SCA_AV_TENA MEN - 60 secs,773050940,Active,,38771910697,"Male 45+ & Interest in Sports, HealthFitness, Health Insurance and Beauty product",GBP,19375,4094,21,161.866695,0.108%,5784,3983,3378,2935
2017/04/20,O-R19T_2017_SCA_TENA MEN_4 in 1_March April_TrueView,3077774,Active,O-R19T,SCA_AV_TENA MEN - 60 secs,773050940,Active,,39616505657,"Copy of Male 45+ & Interest in Sports, HealthFitness, Health Insurance and Beauty product",GBP,26445,5229,25,208.473336,0.095%,7507,5150,4375,3855
2017/04/20,O-R19T_2017_SCA_TENA MEN_4 in 1_March April_TrueView,3077774,Active,O-R19T,SCA_AV_TENA MEN - 60 secs,773050940,Active,,44134403889,"Copy of Copy of Male 45+ & Interest in Sports, HealthFitness, Health Insurance and Beauty product",GBP,182119,35341,234,1405.472185,0.128%,51507,34129,28344,24122
2017/04/21,O-R19T_2017_SCA_TENA MEN_4 in 1_March April_TrueView,3077774,Active,O-R19T,SCA_AV_TENA MEN - 60 secs,773050940,Active,,38771910697,"Male 45+ & Interest in Sports, HealthFitness, Health Insurance and Beauty product",GBP,18489,4143,19,161.232448,0.103%,5795,4033,3448,3012
2017/04/21,O-R19T_2017_SCA_TENA MEN_4 in 1_March April_TrueView,3077774,Active,O-R19T,SCA_AV_TENA MEN - 60 secs,773050940,Active,,39616505657,"Copy of Male 45+ & Interest in Sports, HealthFitness, Health Insurance and Beauty product",GBP,25661,5402,20,211.598862,0.078%,7650,5330,4541,3971
2017/04/21,O-R19T_2017_SCA_TENA MEN_4 in 1_March April_TrueView,3077774,Active,O-R19T,SCA_AV_TENA MEN - 60 secs,773050940,Active,,44134403889,"Copy of Copy of Male 45+ & Interest in Sports, HealthFitness, Health Insurance and Beauty product",GBP,160806,32513,202,1271.051237,0.126%,46968,31473,26148,22487
2017/04/22,O-R19T_2017_SCA_TENA MEN_4 in 1_March April_TrueView,3077774,Active,O-R19T,SCA_AV_TENA MEN - 60 secs,773050940,Active,,38771910697,"Male 45+ & Interest in Sports, HealthFitness, Health Insurance and Beauty product",GBP,24257,5865,25,230.386243,0.103%,8044,5735,4926,4315
2017/04/22,O-R19T_2017_SCA_TENA MEN_4 in 1_March April_TrueView,3077774,Active,O-R19T,SCA_AV_TENA MEN - 60 secs,773050940,Active,,39616505657,"Copy of Male 45+ & Interest in Sports, HealthFitness, Health Insurance and Beauty product",GBP,28504,5972,23,236.020255,0.081%,8550,5872,5005,4376
2017/04/22,O-R19T_2017_SCA_TENA MEN_4 in 1_March April_TrueView,3077774,Active,O-R19T,SCA_AV_TENA MEN - 60 secs,773050940,Active,,44134403889,"Copy of Copy of Male 45+ & Interest in Sports, HealthFitness, Health Insurance and Beauty product",GBP,181826,38253,256,1499.621378,0.141%,54717,36961,30801,26520
2017/04/23,O-R19T_2017_SCA_TENA MEN_4 in 1_March April_TrueView,3077774,Active,O-R19T,SCA_AV_TENA MEN - 60 secs,773050940,Active,,38771910697,"Male 45+ & Interest in Sports, HealthFitness, Health Insurance and Beauty product",GBP,24684,6018,32,234.027334,0.130%,8300,5887,5034,4418
2017/04/23,O-R19T_2017_SCA_TENA MEN_4 in 1_March April_TrueView,3077774,Active,O-R19T,SCA_AV_TENA MEN - 60 secs,773050940,Active,,39616505657,"Copy of Male 45+ & Interest in Sports, HealthFitness, Health Insurance and Beauty product",GBP,29074,6280,26,243.006389,0.089%,8848,6182,5278,4602
2017/04/23,O-R19T_2017_SCA_TENA MEN_4 in 1_March April_TrueView,3077774,Active,O-R19T,SCA_AV_TENA MEN - 60 secs,773050940,Active,,44134403889,"Copy of Copy of Male 45+ & Interest in Sports, HealthFitness, Health Insurance and Beauty product",GBP,182982,37938,267,1479.999839,0.146%,54267,36568,30400,26132
2017/04/24,O-R19T_2017_SCA_TENA MEN_4 in 1_March April_TrueView,3077774,Active,O-R19T,SCA_AV_TENA MEN - 60 secs,773050940,Active,,38771910697,"Male 45+ & Interest in Sports, HealthFitness, Health Insurance and Beauty product",GBP,0,0,0,0.000000,0.000%,4,4,4,4
2017/04/24,O-R19T_2017_SCA_TENA MEN_4 in 1_March April_TrueView,3077774,Active,O-R19T,SCA_AV_TENA MEN - 60 secs,773050940,Active,,39616505657,"Copy of Male 45+ & Interest in Sports, HealthFitness, Health Insurance and Beauty product",GBP,0,0,0,0.000000,0.000%,3,7,5,4
2017/04/24,O-R19T_2017_SCA_TENA MEN_4 in 1_March April_TrueView,3077774,Active,O-R19T,SCA_AV_TENA MEN - 60 secs,773050940,Active,,44134403889,"Copy of Copy of Male 45+ & Interest in Sports, HealthFitness, Health Insurance and Beauty product",GBP,0,0,0,0.000000,0.000%,15,15,16,16
,,,,,,,,,,,,14022079,2930281,20077,115468.577586,0.143%,3881749,2746310,2206937,1630047

Report Time:,2017/05/02 09:08 GMT
Date Range:,2017/04/01 to 2017/04/30
Group By:,Date
Group By:,Insertion Order
Group By:,Insertion Order ID
Group By:,Insertion Order Status
Group By:,Insertion Order Integration Code
Group By:,Line Item
Group By:,Line Item ID
Group By:,Line Item Status
Group By:,Line Item Integration Code
Group By:,TrueView Ad Group ID
Group By:,TrueView Ad Group
Group By:,Advertiser Currency
Filter by Advertiser ID:,543450
Filter by Line Item Type ID:,6
Filter by Partner ID:,151
