Date	Advertiser	Advertiser Currency Code	Inventory Contract	Impressions	Clicks	Advertiser Cost (Adv Currency)	Media Cost (Adv Currency)
01/05/2017	Just Energy_CA_ZenithOptiMedia	GBP		0	1	0	0
01/05/2017	Mercedes-Benz_UK_Zenith	GBP	PMP_SublimeSkinz_Mercedes Verticals_Floor: £14_ImproveDigital_TheTradeDesk_Mercedes_UK_Skin	9243	184	156.74377066662149	108.58596618376875
01/05/2017	Mercedes-Benz_UK_Zenith	GBP	PMP_SublimeSkinz_ROS_Floor: £10_ImproveDigital_TheTradeDesk_Mercedes_UK_Skin_NEW	26968	478	428.52313764048928	296.65558152211754
01/05/2017	Mercedes-Benz_UK_Zenith	GBP		1303582	1954	5141.2147740672256	3098.446882595547
01/05/2017	Oracle_UK_Zenith International	GBP		201544	232	591.80121869348961	184.21086079899476
01/05/2017	RBS_UK_Zenith	GBP		2822	7	9.561957660460549	6.538982762715575
02/05/2017	Mercedes-Benz_UK_Zenith	GBP	PMP_SublimeSkinz_Mercedes Verticals_Floor: £14_ImproveDigital_TheTradeDesk_Mercedes_UK_Skin	18383	375	312.6511016757582	216.58970355354663
02/05/2017	Mercedes-Benz_UK_Zenith	GBP	PMP_SublimeSkinz_ROS_Floor: £10_ImproveDigital_TheTradeDesk_Mercedes_UK_Skin_NEW	24767	336	393.56036918796199	272.43898565124551
02/05/2017	Mercedes-Benz_UK_Zenith	GBP		1287540	1622	5131.2175492843645	3094.0846221602127
02/05/2017	Oracle_UK_Zenith International	GBP		295369	277	924.46636320937834	268.9492075468009
03/05/2017	Just Energy_CA_ZenithOptiMedia	GBP		0	0	0	0
03/05/2017	Mercedes-Benz_UK_Zenith	GBP	PMP_SublimeSkinz_Mercedes Verticals_Floor: £14_ImproveDigital_TheTradeDesk_Mercedes_UK_Skin	12495	231	211.8089705904964	146.73210366738153
03/05/2017	Mercedes-Benz_UK_Zenith	GBP	PMP_SublimeSkinz_ROS_Floor: £10_ImproveDigital_TheTradeDesk_Mercedes_UK_Skin_NEW	24510	379	389.43489477148119	269.59499827434707
03/05/2017	Mercedes-Benz_UK_Zenith	GBP		1286430	1685	5133.3557623132819	3098.1104569468511
03/05/2017	Oracle_UK_Zenith International	GBP		295894	279	933.25375807278235	270.17283686814613
03/05/2017	RBS_UK_Zenith	GBP		0	0	0	0
04/05/2017	Just Energy_CA_ZenithOptiMedia	GBP		0	0	0	0
04/05/2017	Mercedes-Benz_UK_Zenith	GBP	PMP_SublimeSkinz_Mercedes Verticals_Floor: £14_ImproveDigital_TheTradeDesk_Mercedes_UK_Skin	20665	274	303.6470082712173	246.6494423188022
04/05/2017	Mercedes-Benz_UK_Zenith	GBP	PMP_SublimeSkinz_ROS_Floor: £10_ImproveDigital_TheTradeDesk_Mercedes_UK_Skin_NEW	37901	519	564.54136212885374	427.40839050987346
04/05/2017	Mercedes-Benz_UK_Zenith	GBP		1294302	1747	5143.6357720081564	3103.5365147080128
04/05/2017	Oracle_UK_Zenith International	GBP		291150	262	924.54906305158085	266.64512012557947
05/05/2017	Mercedes-Benz_UK_Zenith	GBP	PMP_SublimeSkinz_Mercedes Verticals_Floor: £14_ImproveDigital_TheTradeDesk_Mercedes_UK_Skin	21174	299	312.93758182085225	253.11282113522829
05/05/2017	Mercedes-Benz_UK_Zenith	GBP	PMP_SublimeSkinz_ROS_Floor: £10_ImproveDigital_TheTradeDesk_Mercedes_UK_Skin_NEW	39238	532	581.62113241941672	442.64291194845868
05/05/2017	Mercedes-Benz_UK_Zenith	GBP		1304691	1955	5125.84166819434	3105.0946283844641
05/05/2017	Oracle_UK_Zenith International	GBP		290485	316	920.20789981448035	265.83134504854388
06/05/2017	John Frieda_UK_Zenith	GBP	PMP_Bauer__Women_Floor_Rubicon_TTD_AODWide_UK_970x250	255	0	10.74753875529257	7.511953875054074
06/05/2017	John Frieda_UK_Zenith	GBP	PMP_Hearst__Women_Floor_AdX_TTD_John Frieda_UK_970x250	0	0	0	0
06/05/2017	John Frieda_UK_Zenith	GBP	PMP_Hello__ROS_Floor_AdX_TTD_John Frieda_UK_970x250	550	6	9.547636516806063	6.680351371628
06/05/2017	John Frieda_UK_Zenith	GBP	PMP_Mail Online__Women_Floor_AdX_TTD_John Frieda_UK_970x250	2167	17	38.304575763830846	26.801406447236554
06/05/2017	John Frieda_UK_Zenith	GBP	PMP_OK__ROS_Floor_aDx_ttd_John Frieda_UK_970x250	2721	8	35.585026983840977	24.7886330369216
06/05/2017	Mercedes-Benz_UK_Zenith	GBP	PMP_SublimeSkinz_Mercedes Verticals_Floor: £14_ImproveDigital_TheTradeDesk_Mercedes_UK_Skin	13944	141	190.08180439778506	166.68539084596193
06/05/2017	Mercedes-Benz_UK_Zenith	GBP	PMP_SublimeSkinz_ROS_Floor: £10_ImproveDigital_TheTradeDesk_Mercedes_UK_Skin_NEW	35729	490	525.41129130075427	403.56265503067746
06/05/2017	Mercedes-Benz_UK_Zenith	GBP		1296401	1829	5113.7130381567032	3101.1063710846682
06/05/2017	Oracle_UK_Zenith International	GBP		277337	290	881.10965905261011	253.29158635257591
07/05/2017	John Frieda_UK_Zenith	GBP	PMP_Bauer__Women_Floor_Rubicon_TTD_AODWide_UK_970x250	521	7	21.384213612440694	14.945814019793161
07/05/2017	John Frieda_UK_Zenith	GBP	PMP_Hearst__Women_Floor_AdX_TTD_John Frieda_UK_970x250	0	0	0	0
07/05/2017	John Frieda_UK_Zenith	GBP	PMP_Hello__ROS_Floor_AdX_TTD_John Frieda_UK_970x250	2679	21	46.505906657633316	32.53955015801688
07/05/2017	John Frieda_UK_Zenith	GBP	PMP_Mail Online__Women_Floor_AdX_TTD_John Frieda_UK_970x250	3377	35	55.738069212429717	38.998261849025935
07/05/2017	John Frieda_UK_Zenith	GBP	PMP_OK__ROS_Floor_aDx_ttd_John Frieda_UK_970x250	4738	22	61.986113637372504	43.17978362490408
07/05/2017	Mercedes-Benz_UK_Zenith	GBP	PMP_SublimeSkinz_Mercedes Verticals_Floor: £14_ImproveDigital_TheTradeDesk_Mercedes_UK_Skin	15565	183	216.82978465535728	185.08567434755313
07/05/2017	Mercedes-Benz_UK_Zenith	GBP	PMP_SublimeSkinz_ROS_Floor: £10_ImproveDigital_TheTradeDesk_Mercedes_UK_Skin_NEW	36794	496	537.66117233715408	412.16597929326709
07/05/2017	Mercedes-Benz_UK_Zenith	GBP		1302927	1869	5137.3741822405587	3111.097286628186
07/05/2017	Oracle_UK_Zenith International	GBP		316859	325	950.44368952996419	288.69357113630828
08/05/2017	John Frieda_UK_Zenith	GBP	PMP_Bauer__Women_Floor_Rubicon_TTD_AODWide_UK_970x250	1130	4	46.328484439906306	32.379773341627488
08/05/2017	John Frieda_UK_Zenith	GBP	PMP_Conde Nast__Women_Floor_Rubicon_TTD_AODWide_UK_970x250	0	0	0	0
08/05/2017	John Frieda_UK_Zenith	GBP	PMP_Hearst__Women_Floor_AdX_TTD_John Frieda_UK_970x250	1	0	0.026041122166091	0.01822334955898
08/05/2017	John Frieda_UK_Zenith	GBP	PMP_Hello__ROS_Floor_AdX_TTD_John Frieda_UK_970x250	2587	11	45.216594372703584	31.637536369877849
08/05/2017	John Frieda_UK_Zenith	GBP	PMP_JustPremium_ROS_Floor £27_OpenX_TheTradeDesk_John Frieda_UK_Standard	8564	212	221.95269481585514	155.32033202521264
08/05/2017	John Frieda_UK_Zenith	GBP	PMP_Mail Online__Women_Floor_AdX_TTD_John Frieda_UK_970x250	517	2	9.561255616353602	6.690065569203638
08/05/2017	John Frieda_UK_Zenith	GBP	PMP_OK__ROS_Floor_aDx_ttd_John Frieda_UK_970x250	3821	13	49.892379311990789	34.75495230916192
08/05/2017	Just Energy_CA_ZenithOptiMedia	GBP		0	0	0	0
08/05/2017	Mercedes-Benz_UK_Zenith	GBP	PMP_SublimeSkinz_Mercedes Verticals_Floor: £14_ImproveDigital_TheTradeDesk_Mercedes_UK_Skin	3741	48	51.360716647660016	44.595755722907623
08/05/2017	Mercedes-Benz_UK_Zenith	GBP	PMP_SublimeSkinz_ROS_Floor: £10_ImproveDigital_TheTradeDesk_Mercedes_UK_Skin_NEW	22313	251	272.1350023052948	229.8540428566039
08/05/2017	Mercedes-Benz_UK_Zenith	GBP		1300720	1595	5151.8367977730128	3118.315067688915
08/05/2017	Oracle_UK_Zenith International	GBP		374221	320	1070.0463225687806	351.03675126112991
09/05/2017	John Frieda_UK_Zenith	GBP	PMP_Bauer__Women_Floor_Rubicon_TTD_AODWide_UK_970x250	1153	7	47.657240244094624	33.308717064819586
09/05/2017	John Frieda_UK_Zenith	GBP	PMP_Hearst__Women_Floor_AdX_TTD_John Frieda_UK_970x250	0	0	0	0
09/05/2017	John Frieda_UK_Zenith	GBP	PMP_Hello__ROS_Floor_AdX_TTD_John Frieda_UK_970x250	2287	16	48.3872702619397	33.858608222873501
09/05/2017	John Frieda_UK_Zenith	GBP	PMP_JustPremium_ROS_Floor £27_OpenX_TheTradeDesk_John Frieda_UK_Standard	9748	272	253.42200463668751	177.3422482449332
09/05/2017	John Frieda_UK_Zenith	GBP	PMP_Mail Online__Women_Floor_AdX_TTD_John Frieda_UK_970x250	3192	27	59.612407856555758	41.711269588429331
09/05/2017	John Frieda_UK_Zenith	GBP	PMP_OK__ROS_Floor_aDx_ttd_John Frieda_UK_970x250	3798	15	50.144294907489375	34.931781614857432
09/05/2017	Mercedes-Benz_UK_Zenith	GBP	PMP_SublimeSkinz_Mercedes Verticals_Floor: £14_ImproveDigital_TheTradeDesk_Mercedes_UK_Skin	22347	317	324.51554357004857	260.04845961395261
09/05/2017	Mercedes-Benz_UK_Zenith	GBP	PMP_SublimeSkinz_ROS_Floor: £10_ImproveDigital_TheTradeDesk_Mercedes_UK_Skin_NEW	38137	442	562.01457598062662	428.48972165455101
09/05/2017	Mercedes-Benz_UK_Zenith	GBP		1502129	1897	5981.2534260402396	3602.225091404151
09/05/2017	Oracle_UK_Zenith International	GBP		364525	325	1060.3341742817636	344.24403268979008
10/05/2017	John Frieda_UK_Zenith	GBP	PMP_Bauer__Women_Floor_Rubicon_TTD_AODWide_UK_970x250	1847	15	77.007316380352215	53.822800871118868
10/05/2017	John Frieda_UK_Zenith	GBP	PMP_Hearst__Women_Floor_AdX_TTD_John Frieda_UK_970x250	1	0	0.023060716601036	0.016137041673196
10/05/2017	John Frieda_UK_Zenith	GBP	PMP_Hello__ROS_Floor_AdX_TTD_John Frieda_UK_970x250	2779	15	58.921182630426639	41.229650916721599
10/05/2017	John Frieda_UK_Zenith	GBP	PMP_JustPremium_ROS_Floor £27_OpenX_TheTradeDesk_John Frieda_UK_Standard	18811	498	489.45583409399085	342.51642101587768
10/05/2017	John Frieda_UK_Zenith	GBP	PMP_Mail Online__Women_Floor_AdX_TTD_John Frieda_UK_970x250	1725	8	32.48156378100904	22.727671099375559
10/05/2017	John Frieda_UK_Zenith	GBP	PMP_OK__ROS_Floor_aDx_ttd_John Frieda_UK_970x250	5420	16	86.48592486914635	60.298473281874667
10/05/2017	John Frieda_UK_Zenith	GBP	PMP_Sublime Skinz_ROS_Floor 16_Improve Digital_TheTradeDesk_John Frieda Luxurious Volume_UK_Standard	6685	145	204.49628667414013	143.11093915239499
10/05/2017	John Frieda_UK_Zenith	GBP		101275	389	747.56165396147778	477.81837788807042
10/05/2017	Just Energy_CA_ZenithOptiMedia	GBP		0	0	0	0
10/05/2017	Mercedes-Benz_UK_Zenith	GBP	PMP_SublimeSkinz_Mercedes Verticals_Floor: £14_ImproveDigital_TheTradeDesk_Mercedes_UK_Skin	23767	340	344.65334250171558	276.12845493763665
10/05/2017	Mercedes-Benz_UK_Zenith	GBP	PMP_SublimeSkinz_ROS_Floor: £10_ImproveDigital_TheTradeDesk_Mercedes_UK_Skin_NEW	39163	471	574.7998153962976	436.02569297297669
10/05/2017	Mercedes-Benz_UK_Zenith	GBP		1486611	1978	5974.1987483239934	3597.296858328191
10/05/2017	Oracle_UK_Zenith International	GBP		335201	298	1029.4979142994871	326.62397066429067
11/05/2017	John Frieda_UK_Zenith	GBP	PMP_Bauer__Women_Floor_Rubicon_TTD_AODWide_UK_970x250	1251	3	52.731545761333606	36.856340870847755
11/05/2017	John Frieda_UK_Zenith	GBP	PMP_Hearst__Women_Floor_AdX_TTD_John Frieda_UK_970x250	0	0	0	0
11/05/2017	John Frieda_UK_Zenith	GBP	PMP_Hello__ROS_Floor_AdX_TTD_John Frieda_UK_970x250	2429	22	51.395418326820706	35.963531093547915
11/05/2017	John Frieda_UK_Zenith	GBP	PMP_JustPremium_ROS_Floor £27_OpenX_TheTradeDesk_John Frieda_UK_Standard	22284	568	580.20947788964084	405.6479255636236
11/05/2017	John Frieda_UK_Zenith	GBP	PMP_Mail Online__Women_Floor_AdX_TTD_John Frieda_UK_970x250	6880	25	129.43884059996229	90.569607279868279
11/05/2017	John Frieda_UK_Zenith	GBP	PMP_OK__ROS_Floor_aDx_ttd_John Frieda_UK_970x250	4797	15	76.462974204736059	53.310235981273294
11/05/2017	John Frieda_UK_Zenith	GBP	PMP_Stylist__ROS_Floor_PubMatic_TTD_John Frieda_UK_970x250	0	0	0	0
11/05/2017	John Frieda_UK_Zenith	GBP	PMP_Sublime Skinz_ROS_Floor 16_Improve Digital_TheTradeDesk_John Frieda Luxurious Volume_UK_Standard	6258	71	215.7484098006367	150.98978286077192
11/05/2017	John Frieda_UK_Zenith	GBP		108314	459	842.97066701480296	543.9811966421918
11/05/2017	Just Energy_CA_ZenithOptiMedia	GBP		0	0	0	0
11/05/2017	Mercedes-Benz_UK_Zenith	GBP	PMP_SublimeSkinz_Mercedes Verticals_Floor: £14_ImproveDigital_TheTradeDesk_Mercedes_UK_Skin	21948	274	311.64265209639993	253.09835442234319
11/05/2017	Mercedes-Benz_UK_Zenith	GBP	PMP_SublimeSkinz_ROS_Floor: £10_ImproveDigital_TheTradeDesk_Mercedes_UK_Skin_NEW	37737	512	553.2002622770779	420.79707999896669
11/05/2017	Mercedes-Benz_UK_Zenith	GBP		1501001	1985	5971.4621337247106	3588.8485652920962
11/05/2017	Oracle_UK_Zenith International	GBP		323893	304	1014.1383716066623	319.55101347811482
12/05/2017	John Frieda_UK_Zenith	GBP	PMP_Bauer__Women_Floor_Rubicon_TTD_AODWide_UK_970x250	1125	4	47.302907276938939	33.061713551954411
12/05/2017	John Frieda_UK_Zenith	GBP	PMP_Hearst__Women_Floor_AdX_TTD_John Frieda_UK_970x250	1814	7	43.025174590176364	30.107682536353947
12/05/2017	John Frieda_UK_Zenith	GBP	PMP_Hello__ROS_Floor_AdX_TTD_John Frieda_UK_970x250	4170	30	88.959688957750609	62.248925709608577
12/05/2017	John Frieda_UK_Zenith	GBP	PMP_JustPremium_ROS_Floor £27_OpenX_TheTradeDesk_John Frieda_UK_Standard	20955	574	548.11888863581878	382.8825239009628
12/05/2017	John Frieda_UK_Zenith	GBP	PMP_Mail Online__Women_Floor_AdX_TTD_John Frieda_UK_970x250	2503	7	47.656435989719735	33.345781297990456
12/05/2017	John Frieda_UK_Zenith	GBP	PMP_OK__ROS_Floor_aDx_ttd_John Frieda_UK_970x250	2992	11	48.067321254064516	33.513224921988607
12/05/2017	John Frieda_UK_Zenith	GBP	PMP_Stylist__ROS_Floor_PubMatic_TTD_John Frieda_UK_970x250	922	4	30.644315013800362	21.445975145237223
12/05/2017	John Frieda_UK_Zenith	GBP	PMP_Sublime Skinz_ROS_Floor 16_Improve Digital_TheTradeDesk_John Frieda Luxurious Volume_UK_Standard	6085	100	215.29807459748916	150.67536975823741
12/05/2017	John Frieda_UK_Zenith	GBP	PMP_TimeInc__ROS_Floor_AdX_TTD_John Frieda_UK_970x250	1	0	0.029553885987685	0.020642977776932
12/05/2017	John Frieda_UK_Zenith	GBP		107102	410	852.58907621744312	550.80352881265132
12/05/2017	Mercedes-Benz_UK_Zenith	GBP	PMP_SublimeSkinz_Mercedes Verticals_Floor: £14_ImproveDigital_TheTradeDesk_Mercedes_UK_Skin	20569	265	288.85793935853995	236.99835436264455
12/05/2017	Mercedes-Benz_UK_Zenith	GBP	PMP_SublimeSkinz_ROS_Floor: £10_ImproveDigital_TheTradeDesk_Mercedes_UK_Skin_NEW	38898	510	571.6681018580816	433.5793200104649
12/05/2017	Mercedes-Benz_UK_Zenith	GBP		1494503	2028	5972.7853646686238	3588.9282277293845
12/05/2017	Oracle_UK_Zenith International	GBP		311623	310	990.88180918176808	307.44033794299197
13/05/2017	John Frieda_UK_Zenith	GBP	PMP_Bauer__Women_Floor_Rubicon_TTD_AODWide_UK_970x250	1178	4	49.387884868879561	34.518825900982016
13/05/2017	John Frieda_UK_Zenith	GBP	PMP_Hearst__Women_Floor_AdX_TTD_John Frieda_UK_970x250	2034	13	54.85193302451322	38.385213376463815
13/05/2017	John Frieda_UK_Zenith	GBP	PMP_Hello__ROS_Floor_AdX_TTD_John Frieda_UK_970x250	3699	23	78.970334482069253	55.258959887826315
13/05/2017	John Frieda_UK_Zenith	GBP	PMP_JustPremium_ROS_Floor £27_OpenX_TheTradeDesk_John Frieda_UK_Standard	20876	593	546.32808622083572	381.49559960629832
13/05/2017	John Frieda_UK_Zenith	GBP	PMP_Mail Online__Women_Floor_AdX_TTD_John Frieda_UK_970x250	2634	10	49.984693861486132	34.974843963890848
13/05/2017	John Frieda_UK_Zenith	GBP	PMP_OK__ROS_Floor_aDx_ttd_John Frieda_UK_970x250	3099	10	49.80081626400243	34.72188823071906
13/05/2017	John Frieda_UK_Zenith	GBP	PMP_Stylist__ROS_Floor_PubMatic_TTD_John Frieda_UK_970x250	758	2	25.448907096145538	17.810087390250158
13/05/2017	John Frieda_UK_Zenith	GBP	PMP_Sublime Skinz_ROS_Floor 16_Improve Digital_TheTradeDesk_John Frieda Luxurious Volume_UK_Standard	5860	104	214.39121564694995	150.04180002009523
13/05/2017	John Frieda_UK_Zenith	GBP	PMP_TimeInc__ROS_Floor_AdX_TTD_John Frieda_UK_970x250	3	0	0.088254587107189	0.06164398878713
13/05/2017	John Frieda_UK_Zenith	GBP		137870	602	1023.7076565787706	660.19256498039043
13/05/2017	Just Energy_CA_ZenithOptiMedia	GBP		0	0	0	0
13/05/2017	Mercedes-Benz_UK_Zenith	GBP	PMP_SublimeSkinz_Mercedes Verticals_Floor: £14_ImproveDigital_TheTradeDesk_Mercedes_UK_Skin	20499	306	290.68078195529514	237.56620632622041
13/05/2017	Mercedes-Benz_UK_Zenith	GBP	PMP_SublimeSkinz_ROS_Floor: £10_ImproveDigital_TheTradeDesk_Mercedes_UK_Skin_NEW	35090	484	511.82580606502124	392.8535515783188
13/05/2017	Mercedes-Benz_UK_Zenith	GBP		1502531	2160	5963.1551810391887	3585.8523454140807
13/05/2017	Oracle_UK_Zenith International	GBP		281194	287	903.11463273730968	277.54502341314915
14/05/2017	John Frieda_UK_Zenith	GBP	PMP_Bauer__Women_Floor_Rubicon_TTD_AODWide_UK_970x250	1172	7	49.077815268177005	34.302045641448356
14/05/2017	John Frieda_UK_Zenith	GBP	PMP_Hearst__Women_Floor_AdX_TTD_John Frieda_UK_970x250	1840	7	49.713456056948362	34.789342113501022
14/05/2017	John Frieda_UK_Zenith	GBP	PMP_Hello__ROS_Floor_AdX_TTD_John Frieda_UK_970x250	3038	34	64.855457614804521	45.382169035485282
14/05/2017	John Frieda_UK_Zenith	GBP	PMP_JustPremium_ROS_Floor £27_OpenX_TheTradeDesk_John Frieda_UK_Standard	20970	572	548.78703242215847	383.212657870614
14/05/2017	John Frieda_UK_Zenith	GBP	PMP_Mail Online__Women_Floor_AdX_TTD_John Frieda_UK_970x250	2620	15	49.775437033828028	34.828441013243163
14/05/2017	John Frieda_UK_Zenith	GBP	PMP_OK__ROS_Floor_aDx_ttd_John Frieda_UK_970x250	2483	12	39.901139061975091	27.81968093947856
14/05/2017	John Frieda_UK_Zenith	GBP	PMP_Stylist__ROS_Floor_PubMatic_TTD_John Frieda_UK_970x250	675	2	22.621003587627765	15.83100906888312
14/05/2017	John Frieda_UK_Zenith	GBP	PMP_Sublime Skinz_ROS_Floor 16_Improve Digital_TheTradeDesk_John Frieda Luxurious Volume_UK_Standard	5813	246	216.07704562620279	151.11993169701047
14/05/2017	John Frieda_UK_Zenith	GBP	PMP_TimeInc__ROS_Floor_AdX_TTD_John Frieda_UK_970x250	3	0	0.088224980686149	0.061623264269917
14/05/2017	John Frieda_UK_Zenith	GBP		140013	652	1047.6169077160551	676.30198935615917
14/05/2017	Mercedes-Benz_UK_Zenith	GBP	PMP_SublimeSkinz_Mercedes Verticals_Floor: £14_ImproveDigital_TheTradeDesk_Mercedes_UK_Skin	17857	217	244.17491260621063	205.87050166687357
14/05/2017	Mercedes-Benz_UK_Zenith	GBP	PMP_SublimeSkinz_ROS_Floor: £10_ImproveDigital_TheTradeDesk_Mercedes_UK_Skin_NEW	39060	583	574.90415454713827	436.05780035188071
14/05/2017	Mercedes-Benz_UK_Zenith	GBP		1496040	2108	5970.0269501476207	3594.0161994071666
14/05/2017	Oracle_UK_Zenith International	GBP		281831	309	906.76118458498851	278.6652626777363
15/05/2017	John Frieda_UK_Zenith	GBP	PMP_Bauer__Women_Floor_Rubicon_TTD_AODWide_UK_970x250	1187	6	50.352826841372724	35.193901000723785
15/05/2017	John Frieda_UK_Zenith	GBP	PMP_Conde Nast__Women_Floor_AdX_TTD_AODWide_UK_970x250	0	0	0	0
15/05/2017	John Frieda_UK_Zenith	GBP	PMP_Hearst__Women_Floor_AdX_TTD_John Frieda_UK_970x250	1857	17	50.216513048718181	35.141392405578241
15/05/2017	John Frieda_UK_Zenith	GBP	PMP_Hello__ROS_Floor_AdX_TTD_John Frieda_UK_970x250	350	0	7.438420762441303	5.204976756633995
15/05/2017	John Frieda_UK_Zenith	GBP	PMP_JustPremium_ROS_Floor £27_OpenX_TheTradeDesk_John Frieda_UK_Standard	20828	473	544.88535366111646	380.48815346390992
15/05/2017	John Frieda_UK_Zenith	GBP	PMP_Mail Online__Women_Floor_AdX_TTD_John Frieda_UK_970x250	1398	2	26.557638077727569	18.582684189404215
15/05/2017	John Frieda_UK_Zenith	GBP	PMP_OK__ROS_Floor_aDx_ttd_John Frieda_UK_970x250	106	1	1.703519137048895	1.18771980408048
15/05/2017	John Frieda_UK_Zenith	GBP	PMP_Stylist__ROS_Floor_PubMatic_TTD_John Frieda_UK_970x250	1334	2	43.793974106760171	30.648484406840507
15/05/2017	John Frieda_UK_Zenith	GBP	PMP_Sublime Skinz_ROS_Floor 16_Improve Digital_TheTradeDesk_John Frieda Luxurious Volume_UK_Standard	6295	96	215.66358240331893	150.68298352631669
15/05/2017	John Frieda_UK_Zenith	GBP	PMP_TimeInc__ROS_Floor_AdX_TTD_John Frieda_UK_970x250	5	0	0.14702524259292	0.102694045722535
15/05/2017	John Frieda_UK_Zenith	GBP		154157	582	1191.0990453282515	774.13353265694727
15/05/2017	Just Energy_CA_ZenithOptiMedia	GBP		0	0	0	0
15/05/2017	Mercedes-Benz_UK_Zenith	GBP	PMP_SublimeSkinz_Mercedes Verticals_Floor: £14_ImproveDigital_TheTradeDesk_Mercedes_UK_Skin	31200	481	465.76332371146925	359.77943766021005
15/05/2017	Mercedes-Benz_UK_Zenith	GBP	PMP_SublimeSkinz_ROS_Floor: £10_ImproveDigital_TheTradeDesk_Mercedes_UK_Skin_NEW	39237	510	577.27024033796191	437.4562192613194
15/05/2017	Mercedes-Benz_UK_Zenith	GBP		1508057	1986	6027.0527711432386	3621.446121842337
15/05/2017	Oracle_UK_Zenith International	GBP		299084	267	963.99025499198814	295.21325326787238
16/05/2017	John Frieda_UK_Zenith	GBP	PMP_Bauer__Women_Floor_Rubicon_TTD_AODWide_UK_970x250	1075	5	46.064093312068434	32.196819833231087
16/05/2017	John Frieda_UK_Zenith	GBP	PMP_Conde Nast__Women_Floor_AdX_TTD_AODWide_UK_970x250	2	0	1.5692884814E-05	0
16/05/2017	John Frieda_UK_Zenith	GBP	PMP_Hearst__Women_Floor_AdX_TTD_John Frieda_UK_970x250	1820	14	50.024481308798756	35.007178336130155
16/05/2017	John Frieda_UK_Zenith	GBP	PMP_JustPremium_ROS_Floor £27_OpenX_TheTradeDesk_John Frieda_UK_Standard	21194	563	554.18953694743485	386.98517434053048
16/05/2017	John Frieda_UK_Zenith	GBP	PMP_Mail Online__Women_Floor_AdX_TTD_John Frieda_UK_970x250	53	0	1.0217786794202	0.714954627367858
16/05/2017	John Frieda_UK_Zenith	GBP	PMP_Stylist__ROS_Floor_PubMatic_TTD_John Frieda_UK_970x250	1448	2	47.341214847078444	33.130933108994279
16/05/2017	John Frieda_UK_Zenith	GBP	PMP_Sublime Skinz_ROS_Floor 16_Improve Digital_TheTradeDesk_John Frieda Luxurious Volume_UK_Standard	6203	236	215.77007031172436	150.76177856418956
16/05/2017	John Frieda_UK_Zenith	GBP	PMP_TimeInc__ROS_Floor_AdX_TTD_John Frieda_UK_970x250	5	0	0.147075453896032	0.102729305579809
16/05/2017	John Frieda_UK_Zenith	GBP		156565	540	1302.1774712185829	853.70944523788989
16/05/2017	Just Energy_CA_ZenithOptiMedia	GBP		0	0	0	0
16/05/2017	Mercedes-Benz_UK_Zenith	GBP	PMP_SublimeSkinz_Mercedes Verticals_Floor: £14_ImproveDigital_TheTradeDesk_Mercedes_UK_Skin	29870	442	443.10530988545004	344.05112613167375
16/05/2017	Mercedes-Benz_UK_Zenith	GBP	PMP_SublimeSkinz_ROS_Floor: £10_ImproveDigital_TheTradeDesk_Mercedes_UK_Skin_NEW	38546	575	565.92768369369059	429.56775089092667
16/05/2017	Mercedes-Benz_UK_Zenith	GBP		1505282	1867	6012.8435218131296	3615.8793798663352
16/05/2017	Oracle_UK_Zenith International	GBP		286610	259	928.25543920934972	284.36497129743173
17/05/2017	John Frieda_UK_Zenith	GBP	PMP_Bauer__Women_Floor_Rubicon_TTD_AODWide_UK_970x250	44	1	1.961263278894368	1.370918031971972
17/05/2017	John Frieda_UK_Zenith	GBP	PMP_Conde Nast__Women_Floor_AdX_TTD_AODWide_UK_970x250	0	0	0	0
17/05/2017	John Frieda_UK_Zenith	GBP	PMP_Hearst__Women_Floor_AdX_TTD_John Frieda_UK_970x250	1796	9	50.152957512573441	35.097258325949081
17/05/2017	John Frieda_UK_Zenith	GBP	PMP_JustPremium_ROS_Floor £27_OpenX_TheTradeDesk_John Frieda_UK_Standard	20011	547	522.48230345802955	364.8443209650954
17/05/2017	John Frieda_UK_Zenith	GBP	PMP_Stylist__ROS_Floor_PubMatic_TTD_John Frieda_UK_970x250	1314	4	43.306695419807189	30.307513249878727
17/05/2017	John Frieda_UK_Zenith	GBP	PMP_Sublime Skinz_ROS_Floor 16_Improve Digital_TheTradeDesk_John Frieda Luxurious Volume_UK_Standard	6218	165	216.31487948900199	151.14288638458329
17/05/2017	John Frieda_UK_Zenith	GBP	PMP_TimeInc__ROS_Floor_AdX_TTD_John Frieda_UK_970x250	6	0	0.176323132165638	0.123158388983456
17/05/2017	John Frieda_UK_Zenith	GBP		152994	531	1330.7641661479166	874.69520553115895
17/05/2017	Just Energy_CA_ZenithOptiMedia	GBP		0	0	0	0
17/05/2017	Mercedes-Benz_UK_Zenith	GBP	PMP_SublimeSkinz_Mercedes Verticals_Floor: £14_ImproveDigital_TheTradeDesk_Mercedes_UK_Skin	31387	471	481.07964254640036	369.95497003362846
17/05/2017	Mercedes-Benz_UK_Zenith	GBP	PMP_SublimeSkinz_ROS_Floor: £10_ImproveDigital_TheTradeDesk_Mercedes_UK_Skin_NEW	38859	581	574.78452476111752	436.2006063420129
17/05/2017	Mercedes-Benz_UK_Zenith	GBP		1514156	1990	6011.8615946428615	3610.3234178933791
17/05/2017	Oracle_UK_Zenith International	GBP		290735	271	936.07053363542204	288.46119069100059
18/05/2017	John Frieda_UK_Zenith	GBP	PMP_Conde Nast__Women_Floor_AdX_TTD_AODWide_UK_970x250	0	0	0	0
18/05/2017	John Frieda_UK_Zenith	GBP	PMP_Hearst__Women_Floor_AdX_TTD_John Frieda_UK_970x250	682	1	18.845307219788388	13.188006093919029
18/05/2017	John Frieda_UK_Zenith	GBP	PMP_JustPremium_ROS_Floor £27_OpenX_TheTradeDesk_John Frieda_UK_Standard	6815	181	177.18493419107911	123.72651967796692
18/05/2017	John Frieda_UK_Zenith	GBP	PMP_Stylist__ROS_Floor_PubMatic_TTD_John Frieda_UK_970x250	594	0	19.359567766039746	13.548470323965373
18/05/2017	John Frieda_UK_Zenith	GBP	PMP_Sublime Skinz_ROS_Floor 16_Improve Digital_TheTradeDesk_John Frieda Luxurious Volume_UK_Standard	6213	137	215.90773658585774	150.85944437785936
18/05/2017	John Frieda_UK_Zenith	GBP	PMP_TimeInc__ROS_Floor_AdX_TTD_John Frieda_UK_970x250	2	0	0.05863673288231	0.040956888543504
18/05/2017	John Frieda_UK_Zenith	GBP		138007	525	1023.2165168235978	659.91538694607443
18/05/2017	Mercedes-Benz_UK_Zenith	GBP	PMP_SublimeSkinz_Mercedes Verticals_Floor: £14_ImproveDigital_TheTradeDesk_Mercedes_UK_Skin	22638	295	332.57106591095773	266.92249213528535
18/05/2017	Mercedes-Benz_UK_Zenith	GBP	PMP_SublimeSkinz_ROS_Floor: £10_ImproveDigital_TheTradeDesk_Mercedes_UK_Skin_NEW	38411	485	566.80094038284444	430.67831638908537
18/05/2017	Mercedes-Benz_UK_Zenith	GBP		1518126	1890	6015.9058555750772	3613.5432198368139
18/05/2017	Oracle_UK_Zenith International	GBP		387717	311	1068.2517311356979	373.93430780195285
19/05/2017	John Frieda_UK_Zenith	GBP	PMP_JustPremium_ROS_Floor £27_OpenX_TheTradeDesk_John Frieda_UK_Standard	495	13	12.859114447375732	8.9793948000042
19/05/2017	John Frieda_UK_Zenith	GBP	PMP_Sublime Skinz_ROS_Floor 16_Improve Digital_TheTradeDesk_John Frieda Luxurious Volume_UK_Standard	6127	112	213.9036011361475	149.45954538243428
19/05/2017	John Frieda_UK_Zenith	GBP		132055	523	959.76521722842819	616.22767311878652
19/05/2017	Just Energy_CA_ZenithOptiMedia	GBP		0	0	0	0
19/05/2017	Mercedes-Benz_UK_Zenith	GBP	PMP_SublimeSkinz_Mercedes Verticals_Floor: £14_ImproveDigital_TheTradeDesk_Mercedes_UK_Skin	18407	254	262.90952692632164	218.60958274671077
19/05/2017	Mercedes-Benz_UK_Zenith	GBP	PMP_SublimeSkinz_ROS_Floor: £10_ImproveDigital_TheTradeDesk_Mercedes_UK_Skin_NEW	36220	534	533.40096680257989	407.25622594540888
19/05/2017	Mercedes-Benz_UK_Zenith	GBP		1523587	2011	6018.5745346852221	3614.856463301814
19/05/2017	Oracle_UK_Zenith International	GBP		741571	655	2051.6786775801219	784.16810899337101
20/05/2017	John Frieda_UK_Zenith	GBP	PMP_Sublime Skinz_ROS_Floor 16_Improve Digital_TheTradeDesk_John Frieda Luxurious Volume_UK_Standard	6308	152	218.28354682035027	152.51944249237168
20/05/2017	John Frieda_UK_Zenith	GBP		137856	629	976.41935728793613	626.43098514244783
20/05/2017	Mercedes-Benz_UK_Zenith	GBP	PMP_SublimeSkinz_Mercedes Verticals_Floor: £14_ImproveDigital_TheTradeDesk_Mercedes_UK_Skin	16101	174	222.87114030274289	191.58023408120118
20/05/2017	Mercedes-Benz_UK_Zenith	GBP	PMP_SublimeSkinz_ROS_Floor: £10_ImproveDigital_TheTradeDesk_Mercedes_UK_Skin_NEW	34881	556	510.91961685316578	391.61412367837729
20/05/2017	Mercedes-Benz_UK_Zenith	GBP		1525422	2213	6003.4413906232029	3609.0367034082435
20/05/2017	Oracle_UK_Zenith International	GBP		715404	697	2000.0080482746283	777.67377403431309
21/05/2017	John Frieda_UK_Zenith	GBP	PMP_Sublime Skinz_ROS_Floor 16_Improve Digital_TheTradeDesk_John Frieda Luxurious Volume_UK_Standard	6254	127	215.36680927069377	150.48023041106599
21/05/2017	John Frieda_UK_Zenith	GBP		139506	673	967.64762259749308	619.68905205086042
21/05/2017	Mercedes-Benz_UK_Zenith	GBP	PMP_SublimeSkinz_Mercedes Verticals_Floor: £14_ImproveDigital_TheTradeDesk_Mercedes_UK_Skin	18274	209	256.42451676061424	214.81411819433109
21/05/2017	Mercedes-Benz_UK_Zenith	GBP	PMP_SublimeSkinz_ROS_Floor: £10_ImproveDigital_TheTradeDesk_Mercedes_UK_Skin_NEW	39453	580	583.33746926052226	441.54589663448413
21/05/2017	Mercedes-Benz_UK_Zenith	GBP		1510538	2218	6013.2525613866432	3618.4531686959596
21/05/2017	Oracle_UK_Zenith International	GBP		718690	750	2003.1964615431298	785.32358914796608
22/05/2017	John Frieda_UK_Zenith	GBP	PMP_Sublime Skinz_ROS_Floor 16_Improve Digital_TheTradeDesk_John Frieda Luxurious Volume_UK_Standard	16257	256	564.33291404837748	394.31333839578003
22/05/2017	John Frieda_UK_Zenith	GBP		137239	501	972.03409129432517	623.33210247900875
22/05/2017	Just Energy_CA_ZenithOptiMedia	GBP		0	0	0	0
22/05/2017	Mercedes-Benz_UK_Zenith	GBP	PMP_SublimeSkinz_Mercedes Verticals_Floor: £14_ImproveDigital_TheTradeDesk_Mercedes_UK_Skin	27555	436	417.45529179779481	326.21872249514836
22/05/2017	Mercedes-Benz_UK_Zenith	GBP	PMP_SublimeSkinz_ROS_Floor: £10_ImproveDigital_TheTradeDesk_Mercedes_UK_Skin_NEW	39485	567	583.5911577671412	441.912609821903
22/05/2017	Mercedes-Benz_UK_Zenith	GBP		1520537	1880	6012.2803371103347	3612.2867525309562
22/05/2017	Omega Pharma_UK_Zenith	GBP	Sharethrough - Channel - Health & Fitness - Global - Multi-publisher - Native - RON - All Devices - 9544x9544 (Native creatives needed) - $7-$9 CPM Guidance	291	0	1.70432695579924	1.143277006411354
22/05/2017	Omega Pharma_UK_Zenith	GBP	Sharethrough - Channel - Home & Garden - Global - Multi-publisher - Native - RON - All Devices - 9544x9544 (Native creatives needed) - $7-$9 CPM Guidance	5302	10	32.152569026768468	21.600323635997718
22/05/2017	Omega Pharma_UK_Zenith	GBP		11897	102	68.16111409994585	45.67876528151261
22/05/2017	Oracle_UK_Zenith International	GBP		730114	746	2000.0224972364562	768.94164090208239
23/05/2017	John Frieda_UK_Zenith	GBP	PMP_Sublime Skinz_ROS_Floor 16_Improve Digital_TheTradeDesk_John Frieda Luxurious Volume_UK_Standard	17338	476	612.86860755424926	428.23920504699244
23/05/2017	John Frieda_UK_Zenith	GBP		136986	544	968.84346611496512	621.0248277265073
23/05/2017	Just Energy_CA_ZenithOptiMedia	GBP		0	0	0	0
23/05/2017	Mercedes-Benz_UK_Zenith	GBP	PMP_SublimeSkinz_Mercedes Verticals_Floor: £14_ImproveDigital_TheTradeDesk_Mercedes_UK_Skin	26614	456	401.85028357738685	315.7302359815883
23/05/2017	Mercedes-Benz_UK_Zenith	GBP	PMP_SublimeSkinz_ROS_Floor: £10_ImproveDigital_TheTradeDesk_Mercedes_UK_Skin_NEW	37725	587	555.05331891034572	421.79827428960112
23/05/2017	Mercedes-Benz_UK_Zenith	GBP		1593955	2174	6320.5311703755451	3770.7032713853281
23/05/2017	Omega Pharma_UK_Zenith	GBP	Sharethrough - Channel - Health & Fitness - Global - Multi-publisher - Native - RON - All Devices - 9544x9544 (Native creatives needed) - $7-$9 CPM Guidance	291	1	1.685316169311986	1.129887083556
23/05/2017	Omega Pharma_UK_Zenith	GBP	Sharethrough - Channel - Home & Garden - Global - Multi-publisher - Native - RON - All Devices - 9544x9544 (Native creatives needed) - $7-$9 CPM Guidance	6051	13	34.441096475575396	23.072480315419839
23/05/2017	Omega Pharma_UK_Zenith	GBP		13265	137	76.508281190140768	51.28421367382123
23/05/2017	Oracle_UK_Zenith International	GBP		741681	675	1999.9847860770759	714.82438321902397
24/05/2017	John Frieda_UK_Zenith	GBP	PMP_Sublime Skinz_ROS_Floor 16_Improve Digital_TheTradeDesk_John Frieda Luxurious Volume_UK_Standard	15115	342	504.13517392056549	352.22241820184282
24/05/2017	John Frieda_UK_Zenith	GBP		127260	434	846.6861934944383	545.08215723933844
24/05/2017	Mercedes-Benz_UK_Zenith	GBP	PMP_SublimeSkinz_Mercedes Verticals_Floor: £14_ImproveDigital_TheTradeDesk_Mercedes_UK_Skin	31104	453	455.98376748683179	352.95076956560152
24/05/2017	Mercedes-Benz_UK_Zenith	GBP	PMP_SublimeSkinz_ROS_Floor: £10_ImproveDigital_TheTradeDesk_Mercedes_UK_Skin_NEW	39504	560	570.5365183363516	432.61124277668848
24/05/2017	Mercedes-Benz_UK_Zenith	GBP		1568247	2001	6305.7371742565215	3766.6193164398722
24/05/2017	Omega Pharma_UK_Zenith	GBP	Sharethrough - Channel - Health & Fitness - Global - Multi-publisher - Native - RON - All Devices - 9544x9544 (Native creatives needed) - $7-$9 CPM Guidance	446	1	2.592998836447156	1.7384927279764
24/05/2017	Omega Pharma_UK_Zenith	GBP	Sharethrough - Channel - Home & Garden - Global - Multi-publisher - Native - RON - All Devices - 9544x9544 (Native creatives needed) - $7-$9 CPM Guidance	6786	12	33.344683693023695	22.175735635011226
24/05/2017	Omega Pharma_UK_Zenith	GBP		13158	126	74.030167068436058	49.561241072870796
24/05/2017	Oracle_UK_Zenith International	GBP		741557	713	2005.7262242334922	703.59150556822428
25/05/2017	John Frieda_UK_Zenith	GBP	PMP_Sublime Skinz_ROS_Floor 16_Improve Digital_TheTradeDesk_John Frieda Luxurious Volume_UK_Standard	756	15	25.658025462500873	17.926990924875399
25/05/2017	John Frieda_UK_Zenith	GBP		6215	15	37.390672206870239	24.232430438441288
25/05/2017	Mercedes-Benz_UK_Zenith	GBP	PMP_SublimeSkinz_Mercedes Verticals_Floor: £14_ImproveDigital_TheTradeDesk_Mercedes_UK_Skin	37521	664	554.37843363494668	421.48250424403079
25/05/2017	Mercedes-Benz_UK_Zenith	GBP	PMP_SublimeSkinz_ROS_Floor: £10_ImproveDigital_TheTradeDesk_Mercedes_UK_Skin_NEW	35367	533	505.48412552115937	387.29994075867411
25/05/2017	Mercedes-Benz_UK_Zenith	GBP		1552517	2006	6300.327966092204	3769.5211834088239
25/05/2017	Omega Pharma_UK_Zenith	GBP	Sharethrough - Channel - Health & Fitness - Global - Multi-publisher - Native - RON - All Devices - 9544x9544 (Native creatives needed) - $7-$9 CPM Guidance	343	2	2.004529465471561	1.3442921393462
25/05/2017	Omega Pharma_UK_Zenith	GBP	Sharethrough - Channel - Home & Garden - Global - Multi-publisher - Native - RON - All Devices - 9544x9544 (Native creatives needed) - $7-$9 CPM Guidance	6970	23	34.037467047265392	22.6297650218121
25/05/2017	Omega Pharma_UK_Zenith	GBP		12754	110	73.794343077709287	49.466708931226185
25/05/2017	Oracle_UK_Zenith International	GBP		516249	527	1420.694310124681	501.84192264382281
26/05/2017	John Frieda_UK_Zenith	GBP		0	0	0	0
26/05/2017	Mercedes-Benz_UK_Zenith	GBP	PMP_SublimeSkinz_Mercedes Verticals_Floor: £14_ImproveDigital_TheTradeDesk_Mercedes_UK_Skin	21478	342	310.1355000007407	252.03594595336696
26/05/2017	Mercedes-Benz_UK_Zenith	GBP	PMP_SublimeSkinz_ROS_Floor: £10_ImproveDigital_TheTradeDesk_Mercedes_UK_Skin_NEW	33477	473	477.36082113299145	367.92091691568569
26/05/2017	Mercedes-Benz_UK_Zenith	GBP		1523297	1967	6300.3968866755039	3773.8970470346039
26/05/2017	Omega Pharma_UK_Zenith	GBP	Sharethrough - Channel - Health & Fitness - Global - Multi-publisher - Native - RON - All Devices - 9544x9544 (Native creatives needed) - $7-$9 CPM Guidance	366	0	2.160719315588018	1.44954803534464
26/05/2017	Omega Pharma_UK_Zenith	GBP	Sharethrough - Channel - Home & Garden - Global - Multi-publisher - Native - RON - All Devices - 9544x9544 (Native creatives needed) - $7-$9 CPM Guidance	6877	10	33.993126462206974	22.612171554830592
26/05/2017	Omega Pharma_UK_Zenith	GBP		13452	115	74.152595019199766	49.592786380030856
26/05/2017	Oracle_UK_Zenith International	GBP		506321	509	1423.8481839817878	561.15876313998384
27/05/2017	John Frieda_UK_Zenith	GBP		0	0	0	0
27/05/2017	Mercedes-Benz_UK_Zenith	GBP	PMP_SublimeSkinz_Mercedes Verticals_Floor: £14_ImproveDigital_TheTradeDesk_Mercedes_UK_Skin	18513	332	275.67385978508155	228.32462321622976
27/05/2017	Mercedes-Benz_UK_Zenith	GBP	PMP_SublimeSkinz_ROS_Floor: £10_ImproveDigital_TheTradeDesk_Mercedes_UK_Skin_NEW	28473	510	404.58696154951751	317.53701610084203
27/05/2017	Mercedes-Benz_UK_Zenith	GBP		1525570	2293	6296.2891289515903	3764.5008777200746
27/05/2017	Omega Pharma_UK_Zenith	GBP	Sharethrough - Channel - Health & Fitness - Global - Multi-publisher - Native - RON - All Devices - 9544x9544 (Native creatives needed) - $7-$9 CPM Guidance	181	2	1.08895273061085	0.7308076534
27/05/2017	Omega Pharma_UK_Zenith	GBP	Sharethrough - Channel - Home & Garden - Global - Multi-publisher - Native - RON - All Devices - 9544x9544 (Native creatives needed) - $7-$9 CPM Guidance	7156	8	33.756365018443612	22.385674950183064
27/05/2017	Omega Pharma_UK_Zenith	GBP		13287	89	73.176410547750162	48.914129124861774
27/05/2017	Oracle_UK_Zenith International	GBP		503038	477	1420.0398257582314	556.94560647659231
28/05/2017	John Frieda_UK_Zenith	GBP		0	0	0	0
28/05/2017	Mercedes-Benz_UK_Zenith	GBP	PMP_SublimeSkinz_Mercedes Verticals_Floor: £14_ImproveDigital_TheTradeDesk_Mercedes_UK_Skin	16491	271	241.27208213729898	204.42458294962668
28/05/2017	Mercedes-Benz_UK_Zenith	GBP	PMP_SublimeSkinz_ROS_Floor: £10_ImproveDigital_TheTradeDesk_Mercedes_UK_Skin_NEW	29666	491	422.71210948385591	330.11303217242125
28/05/2017	Mercedes-Benz_UK_Zenith	GBP		1505476	2399	6303.7549087400338	3775.7017987747787
28/05/2017	Omega Pharma_UK_Zenith	GBP	Sharethrough - Channel - Health & Fitness - Global - Multi-publisher - Native - RON - All Devices - 9544x9544 (Native creatives needed) - $7-$9 CPM Guidance	258	0	1.528740864947899	1.0252696799334
28/05/2017	Omega Pharma_UK_Zenith	GBP	Sharethrough - Channel - Home & Garden - Global - Multi-publisher - Native - RON - All Devices - 9544x9544 (Native creatives needed) - $7-$9 CPM Guidance	7024	21	33.811927286159202	22.447341999695922
28/05/2017	Omega Pharma_UK_Zenith	GBP		14167	119	73.480855998597993	48.97390186985021
28/05/2017	Oracle_UK_Zenith International	GBP		504355	567	1420.8883541295724	562.72652929842376
29/05/2017	John Frieda_UK_Zenith	GBP		0	0	0	0
29/05/2017	Just Energy_CA_ZenithOptiMedia	GBP		0	0	0	0
29/05/2017	Mercedes-Benz_UK_Zenith	GBP	PMP_SublimeSkinz_Mercedes Verticals_Floor: £14_ImproveDigital_TheTradeDesk_Mercedes_UK_Skin	15692	213	223.32985172128372	192.1097701284929
29/05/2017	Mercedes-Benz_UK_Zenith	GBP	PMP_SublimeSkinz_ROS_Floor: £10_ImproveDigital_TheTradeDesk_Mercedes_UK_Skin_NEW	30503	556	438.69257463134907	341.2864817050095
29/05/2017	Mercedes-Benz_UK_Zenith	GBP		1490927	2275	6306.677951131805	3785.8222539904749
29/05/2017	Omega Pharma_UK_Zenith	GBP	Sharethrough - Channel - Health & Fitness - Global - Multi-publisher - Native - RON - All Devices - 9544x9544 (Native creatives needed) - $7-$9 CPM Guidance	604	1	3.552104689808381	2.38145143504576
29/05/2017	Omega Pharma_UK_Zenith	GBP	Sharethrough - Channel - Home & Garden - Global - Multi-publisher - Native - RON - All Devices - 9544x9544 (Native creatives needed) - $7-$9 CPM Guidance	6674	19	32.775649253930979	21.782498745632775
29/05/2017	Omega Pharma_UK_Zenith	GBP		14209	130	74.279466508212511	49.525009386627362
29/05/2017	Oracle_UK_Zenith International	GBP		508526	509	1424.8739762500399	567.53613991020426
30/05/2017	John Frieda_UK_Zenith	GBP		0	1	0	0
30/05/2017	Mercedes-Benz_UK_Zenith	GBP	PMP_SublimeSkinz_Mercedes Verticals_Floor: £14_ImproveDigital_TheTradeDesk_Mercedes_UK_Skin	23094	344	348.32771339662188	278.63146188120362
30/05/2017	Mercedes-Benz_UK_Zenith	GBP	PMP_SublimeSkinz_ROS_Floor: £10_ImproveDigital_TheTradeDesk_Mercedes_UK_Skin_NEW	38458	534	564.27836279051627	428.18941855488438
30/05/2017	Mercedes-Benz_UK_Zenith	GBP		1504290	2012	6294.3560727616597	3774.5117766433202
30/05/2017	Omega Pharma_UK_Zenith	GBP	Sharethrough - Channel - Health & Fitness - Global - Multi-publisher - Native - RON - All Devices - 9544x9544 (Native creatives needed) - $7-$9 CPM Guidance	376	0	2.226539129175377	1.49337784294336
30/05/2017	Omega Pharma_UK_Zenith	GBP	Sharethrough - Channel - Home & Garden - Global - Multi-publisher - Native - RON - All Devices - 9544x9544 (Native creatives needed) - $7-$9 CPM Guidance	6300	13	33.964494218047877	22.68273041283536
30/05/2017	Omega Pharma_UK_Zenith	GBP		13701	133	74.671814354687642	49.894496647620516
30/05/2017	Oracle_UK_Zenith International	GBP		514746	485	1422.4470938618536	570.47918687734495
31/05/2017	John Frieda_UK_Zenith	GBP		0	0	0	0
31/05/2017	Just Energy_CA_ZenithOptiMedia	GBP		0	0	0	0
31/05/2017	Mercedes-Benz_UK_Zenith	GBP	PMP_SublimeSkinz_Mercedes Verticals_Floor: £14_ImproveDigital_TheTradeDesk_Mercedes_UK_Skin	20323	290	313.90835184666775	254.73191721672632
31/05/2017	Mercedes-Benz_UK_Zenith	GBP	PMP_SublimeSkinz_ROS_Floor: £10_ImproveDigital_TheTradeDesk_Mercedes_UK_Skin_NEW	35174	494	515.54298691531522	394.52424814508176
31/05/2017	Mercedes-Benz_UK_Zenith	GBP		1691559	2138	7054.5998475062191	4227.8899939933313
31/05/2017	Omega Pharma_UK_Zenith	GBP	Sharethrough - Channel - Health & Fitness - Global - Multi-publisher - Native - RON - All Devices - 9544x9544 (Native creatives needed) - $7-$9 CPM Guidance	324	1	1.908849998070855	1.2800937225472
31/05/2017	Omega Pharma_UK_Zenith	GBP	Sharethrough - Channel - Home & Garden - Global - Multi-publisher - Native - RON - All Devices - 9544x9544 (Native creatives needed) - $7-$9 CPM Guidance	6254	18	34.075273385310044	22.769796804630839
31/05/2017	Omega Pharma_UK_Zenith	GBP		13431	106	73.0875767539486	48.835715538621673
31/05/2017	Oracle_UK_Zenith International	GBP		449716	433	1247.1830938122072	494.05359090271231
