Date,Advertiser,Advertiser Currency Code,Inventory Contract,Impressions,Clicks,Advertiser Cost (Adv Currency),Media Cost (Adv Currency)
01/10/2017,Entertainment One_UK_Zenith ,GBP,PMP_Sublime Skinz_The Walking Dead Season 7 DVD_Appnexus_Floor £20,0,1,0,0
01/10/2017,Mercedes-Benz_UK_Zenith,GBP,PMP_SublimeSkinz_Mercedes Verticals_Floor: £14_ImproveDigital_TheTradeDesk_Mercedes_UK_Skin,114,2,"2,099845889457899","1,456373037327232"
01/10/2017,Mercedes-Benz_UK_Zenith,GBP,PMP_SublimeSkinz_ROS_Floor: £10_ImproveDigital_TheTradeDesk_Mercedes_UK_Skin_NEW,536,9,"7,3183116497199","5,059252795976681"
01/10/2017,Mercedes-Benz_UK_Zenith,GBP,PMP_SublimeSkinz_ROS_Floor: £10_ImproveDigital_TheTradeDesk_Mercedes_UK_Skin_New C-Class Skin June,15633,223,"190,32953136696551","171,96299999999996"
01/10/2017,Mercedes-Benz_UK_Zenith,GBP,Publicis Inventory Exchange,3625,9,"15,981897957004864","9,37674048721344"
01/10/2017,Mercedes-Benz_UK_Zenith,GBP,,738292,659,"3562,3460008126191","2244,1401291266986"
02/10/2017,Entertainment One_UK_Zenith ,GBP,PMP_Sublime Skinz_The Walking Dead Season 7 DVD_Appnexus_Floor £20,23489,350,"531,20282342299019","484,10418266459285"
02/10/2017,Mercedes-Benz_UK_Zenith,GBP,PMP_Mozoo_Multi_Floor £13_AppNexus_TTD_Mercedes_UK_NCO Q3_Interstitial 320x480,7397,3,"138,36708811597747","96,817887449991307"
02/10/2017,Mercedes-Benz_UK_Zenith,GBP,PMP_SublimeSkinz_ROS_Floor: £10_ImproveDigital_TheTradeDesk_Mercedes_UK_Skin_New C-Class Skin June,14501,157,"176,55064284349225","159,51099999999993"
02/10/2017,Mercedes-Benz_UK_Zenith,GBP,Publicis Inventory Exchange,28594,28,"113,40268703854894","63,99226545230816"
02/10/2017,Mercedes-Benz_UK_Zenith,GBP,,1124146,797,"5140,289882286325","3233,6298305106774"
03/10/2017,Entertainment One_UK_Zenith ,GBP,PMP_Sublime Skinz_The Walking Dead Season 7 DVD_Appnexus_Floor £20,25341,386,"758,44428171985439","691,54322282974194"
03/10/2017,Mercedes-Benz_UK_Zenith,GBP,PMP_Mozoo_Multi_Floor £13_AppNexus_TTD_Mercedes_UK_NCO Q3_Interstitial 320x480,8333,8,"156,40806877501739","109,44132349429109"
03/10/2017,Mercedes-Benz_UK_Zenith,GBP,PMP_SublimeSkinz_ROS_Floor: £10_ImproveDigital_TheTradeDesk_Mercedes_UK_Skin_New C-Class Skin June,15014,155,"182,81074135019726","165,15399999999996"
03/10/2017,Mercedes-Benz_UK_Zenith,GBP,Publicis Inventory Exchange,30484,32,"125,55609231922778","71,63693965845296"
03/10/2017,Mercedes-Benz_UK_Zenith,GBP,,1145707,833,"5231,623558535509","3288,986068314788"
04/10/2017,Entertainment One_UK_Zenith ,GBP,PMP_Sublime Skinz_The Walking Dead Season 7 DVD_Appnexus_Floor £20,26456,349,"765,28208069704071","697,73595921101041"
04/10/2017,Mercedes-Benz_UK_Zenith,GBP,PMP_Mozoo_Multi_Floor £13_AppNexus_TTD_Mercedes_UK_NCO Q3_Interstitial 320x480,7954,9,"149,68032492186088","104,73378437919414"
04/10/2017,Mercedes-Benz_UK_Zenith,GBP,PMP_SublimeSkinz_ROS_Floor: £10_ImproveDigital_TheTradeDesk_Mercedes_UK_Skin_New C-Class Skin June,14820,190,"180,49707111280668","163,05915970795158"
04/10/2017,Mercedes-Benz_UK_Zenith,GBP,Publicis Inventory Exchange,28298,20,"122,24655986688577","70,27296039546288"
04/10/2017,Mercedes-Benz_UK_Zenith,GBP,,1136915,821,"5196,7068015234696","3266,7856363065622"
05/10/2017,Entertainment One_UK_Zenith ,GBP,PMP_Sublime Skinz_The Walking Dead Season 7 DVD_Appnexus_Floor £20,1365,19,"39,538052130822444","36,048374567709428"
05/10/2017,Mercedes-Benz_UK_Zenith,GBP,PMP_GumGum_Multi_Contextual_Floor £22_TTD_Mercedes_UK,19835,24,"356,57784957076092","246,5719008117816"
05/10/2017,Mercedes-Benz_UK_Zenith,GBP,PMP_GumGum_Multi_RON_Floor £20_TTD_Mercedes_UK_Canvas,27929,183,"560,73902959995119","388,24727125729864"
05/10/2017,Mercedes-Benz_UK_Zenith,GBP,PMP_Mozoo_Multi_Floor £13_AppNexus_TTD_Mercedes_UK_NCO Q3_Interstitial 320x480,7918,3,"148,8042426903158","104,12070864202844"
05/10/2017,Mercedes-Benz_UK_Zenith,GBP,PMP_SublimeSkinz_ROS_Floor: £10_ImproveDigital_TheTradeDesk_Mercedes_UK_Skin_New C-Class Skin June,14791,99,"180,1058826335274","162,70507209702763"
05/10/2017,Mercedes-Benz_UK_Zenith,GBP,Publicis Inventory Exchange,28931,37,"125,52267928193976","71,84577236251624"
05/10/2017,Mercedes-Benz_UK_Zenith,GBP,,1139057,849,"5202,5006712924515","3256,2610813332621"
06/10/2017,Mercedes-Benz_UK_Zenith,GBP,PMP_GumGum_Multi_Contextual_Floor £22_TTD_Mercedes_UK,20700,24,"375,3304247677948","259,5392180947104"
06/10/2017,Mercedes-Benz_UK_Zenith,GBP,PMP_GumGum_Multi_RON_Floor £20_TTD_Mercedes_UK_Canvas,29997,227,"620,27185561436184","429,56446170277112"
06/10/2017,Mercedes-Benz_UK_Zenith,GBP,PMP_Mozoo_Multi_Floor £13_AppNexus_TTD_Mercedes_UK_NCO Q3_Interstitial 320x480,7658,3,"143,80155245842885","100,61986309500976"
06/10/2017,Mercedes-Benz_UK_Zenith,GBP,PMP_SublimeSkinz_ROS_Floor: £10_ImproveDigital_TheTradeDesk_Mercedes_UK_Skin_New C-Class Skin June,14693,102,"179,51508814564669","162,16164926177227"
06/10/2017,Mercedes-Benz_UK_Zenith,GBP,Publicis Inventory Exchange,27913,29,"120,90288299931237","69,23836768017312"
06/10/2017,Mercedes-Benz_UK_Zenith,GBP,,1123175,975,"5208,7534636786048","3260,7197392172381"
07/10/2017,Mercedes-Benz_UK_Zenith,GBP,PMP_GumGum_Multi_Contextual_Floor £22_TTD_Mercedes_UK,20306,30,"369,8167517710644","255,7265392283844"
07/10/2017,Mercedes-Benz_UK_Zenith,GBP,PMP_GumGum_Multi_RON_Floor £20_TTD_Mercedes_UK_Canvas,30308,233,"639,06323824974237","442,6498861657862"
07/10/2017,Mercedes-Benz_UK_Zenith,GBP,PMP_Mozoo_Multi_Floor £13_AppNexus_TTD_Mercedes_UK_NCO Q3_Interstitial 320x480,7021,3,"131,94541806566019","92,323824090658547"
07/10/2017,Mercedes-Benz_UK_Zenith,GBP,PMP_SublimeSkinz_ROS_Floor: £10_ImproveDigital_TheTradeDesk_Mercedes_UK_Skin_New C-Class Skin June,14755,93,"179,68854171926238","162,3049999999999"
07/10/2017,Mercedes-Benz_UK_Zenith,GBP,Publicis Inventory Exchange,29031,35,"121,10751557072936","68,9373726378898"
07/10/2017,Mercedes-Benz_UK_Zenith,GBP,,1114068,1017,"5200,8933297710299","3264,5460947168899"
08/10/2017,Mercedes-Benz_UK_Zenith,GBP,PMP_GumGum_Multi_Contextual_Floor £22_TTD_Mercedes_UK,20318,21,"370,07017293728585","255,9017787693048"
08/10/2017,Mercedes-Benz_UK_Zenith,GBP,PMP_GumGum_Multi_RON_Floor £20_TTD_Mercedes_UK_Canvas,31198,282,"668,03362166602587","462,790911647295"
08/10/2017,Mercedes-Benz_UK_Zenith,GBP,PMP_Mozoo_Multi_Floor £13_AppNexus_TTD_Mercedes_UK_NCO Q3_Interstitial 320x480,7204,1,"135,450571451926","94,776441873596848"
08/10/2017,Mercedes-Benz_UK_Zenith,GBP,PMP_SublimeSkinz_ROS_Floor: £10_ImproveDigital_TheTradeDesk_Mercedes_UK_Skin_New C-Class Skin June,14735,82,"179,44504618066997","162,0849999999999"
08/10/2017,Mercedes-Benz_UK_Zenith,GBP,Publicis Inventory Exchange,21179,14,"85,035083682212748","48,1332772609524"
08/10/2017,Mercedes-Benz_UK_Zenith,GBP,,1121186,1083,"5215,9677373776267","3265,9679695875312"
09/10/2017,Mercedes-Benz_UK_Zenith,GBP,PMP_GumGum_Multi_Contextual_Floor £22_TTD_Mercedes_UK,20336,27,"370,39802327259795","256,1284857295296"
09/10/2017,Mercedes-Benz_UK_Zenith,GBP,PMP_GumGum_Multi_RON_Floor £20_TTD_Mercedes_UK_Canvas,29823,199,"625,26218813444023","433,0638879017814"
09/10/2017,Mercedes-Benz_UK_Zenith,GBP,PMP_Mozoo_Multi_Floor £13_AppNexus_TTD_Mercedes_UK_NCO Q3_Interstitial 320x480,7512,5,"141,58344764263903","99,067789849277571"
09/10/2017,Mercedes-Benz_UK_Zenith,GBP,PMP_SublimeSkinz_ROS_Floor: £10_ImproveDigital_TheTradeDesk_Mercedes_UK_Skin_New C-Class Skin June,13630,150,"180,65687660095307","149,92912886853373"
09/10/2017,Mercedes-Benz_UK_Zenith,GBP,Publicis Inventory Exchange,24604,29,"85,28972274043928","46,721401339536"
09/10/2017,Mercedes-Benz_UK_Zenith,GBP,,1123597,837,"5253,3339438806824","3266,4551497401552"
10/10/2017,Mercedes-Benz_UK_Zenith,GBP,PMP_GumGum_Multi_Contextual_Floor £22_TTD_Mercedes_UK,20458,22,"370,40731408948322","256,13491028557608"
10/10/2017,Mercedes-Benz_UK_Zenith,GBP,PMP_GumGum_Multi_RON_Floor £20_TTD_Mercedes_UK_Canvas,29409,208,"606,68974497424289","420,15448861275384"
10/10/2017,Mercedes-Benz_UK_Zenith,GBP,PMP_Mozoo_Multi_Floor £13_AppNexus_TTD_Mercedes_UK_NCO Q3_Interstitial 320x480,7858,5,"148,05629716756507","103,59715859857902"
10/10/2017,Mercedes-Benz_UK_Zenith,GBP,PMP_SublimeSkinz_ROS_Floor: £10_ImproveDigital_TheTradeDesk_Mercedes_UK_Skin_New C-Class Skin June,11333,119,"180,04678578483184","124,66299999999997"
10/10/2017,Mercedes-Benz_UK_Zenith,GBP,Publicis Inventory Exchange,35808,44,"159,54304671633608","92,53142157261156"
10/10/2017,Mercedes-Benz_UK_Zenith,GBP,,1175407,971,"5502,0171654531779","3391,8377711592355"
11/10/2017,Mercedes-Benz_UK_Zenith,GBP,PMP_GumGum_Multi_Contextual_Floor £22_TTD_Mercedes_UK,20543,25,"370,33063998885794","256,081890506706"
11/10/2017,Mercedes-Benz_UK_Zenith,GBP,PMP_GumGum_Multi_RON_Floor £20_TTD_Mercedes_UK_Canvas,31412,182,"665,85084469747542","461,2799436007928"
11/10/2017,Mercedes-Benz_UK_Zenith,GBP,PMP_Mozoo_Multi_Floor £13_AppNexus_TTD_Mercedes_UK_NCO Q3_Interstitial 320x480,7547,4,"142,01603097323884","99,370829220141365"
11/10/2017,Mercedes-Benz_UK_Zenith,GBP,PMP_SublimeSkinz_ROS_Floor: £10_ImproveDigital_TheTradeDesk_Mercedes_UK_Skin_New C-Class Skin June,11334,128,"179,9682160373429","124,61379093917561"
11/10/2017,Mercedes-Benz_UK_Zenith,GBP,Publicis Inventory Exchange,28838,15,"100,81208859539326","55,07286809850232"
11/10/2017,Mercedes-Benz_UK_Zenith,GBP,,1197380,879,"5564,5178368158518","3418,7892969695989"
12/10/2017,Mercedes-Benz_UK_Zenith,GBP,PMP_GumGum_Multi_Contextual_Floor £22_TTD_Mercedes_UK,20570,26,"370,24731814097451","256,02427384196784"
12/10/2017,Mercedes-Benz_UK_Zenith,GBP,PMP_GumGum_Multi_RON_Floor £20_TTD_Mercedes_UK_Canvas,30287,184,"625,06820049204075","432,91148301484908"
12/10/2017,Mercedes-Benz_UK_Zenith,GBP,PMP_Mozoo_Multi_Floor £13_AppNexus_TTD_Mercedes_UK_NCO Q3_Interstitial 320x480,7275,5,"136,71038875405161","95,658394287349188"
12/10/2017,Mercedes-Benz_UK_Zenith,GBP,PMP_SublimeSkinz_ROS_Floor: £10_ImproveDigital_TheTradeDesk_Mercedes_UK_Skin_New C-Class Skin June,11319,121,"179,79160465368116","124,4939955048021"
12/10/2017,Mercedes-Benz_UK_Zenith,GBP,Publicis Inventory Exchange,25098,19,"86,136175093455916","47,03482145735076"
12/10/2017,Mercedes-Benz_UK_Zenith,GBP,,1154529,772,"5581,5749854815029","3425,0290205161942"
13/10/2017,Mercedes-Benz_UK_Zenith,GBP,PMP_GumGum_Multi_Contextual_Floor £22_TTD_Mercedes_UK,27007,34,"484,55031417267562","335,06425637017344"
13/10/2017,Mercedes-Benz_UK_Zenith,GBP,PMP_GumGum_Multi_RON_Floor £20_TTD_Mercedes_UK_Canvas,29911,199,"613,34201312559173","424,77530188724048"
13/10/2017,Mercedes-Benz_UK_Zenith,GBP,PMP_Mozoo_Multi_Floor £13_AppNexus_TTD_Mercedes_UK_NCO Q3_Interstitial 320x480,4401,4,"82,758376053611846","57,907419635583353"
13/10/2017,Mercedes-Benz_UK_Zenith,GBP,PMP_SublimeSkinz_ROS_Floor: £10_ImproveDigital_TheTradeDesk_Mercedes_UK_Skin_New C-Class Skin June,11325,127,"179,90210231262308","124,57499999999997"
13/10/2017,Mercedes-Benz_UK_Zenith,GBP,Publicis Inventory Exchange,20814,35,"89,935494833939892","51,598868300144"
13/10/2017,Mercedes-Benz_UK_Zenith,GBP,,1344421,994,"6114,963594557315","3730,9683145282429"
14/10/2017,Mercedes-Benz_UK_Zenith,GBP,PMP_GumGum_Multi_Contextual_Floor £22_TTD_Mercedes_UK,31649,44,"566,89132593744699","392,0026775593896"
14/10/2017,Mercedes-Benz_UK_Zenith,GBP,PMP_GumGum_Multi_RON_Floor £20_TTD_Mercedes_UK_Canvas,26571,247,"544,79911290359351","377,3117858104716"
14/10/2017,Mercedes-Benz_UK_Zenith,GBP,PMP_Mozoo_Multi_Floor £13_AppNexus_TTD_Mercedes_UK_NCO Q3_Interstitial 320x480,5659,10,"106,51914697431905","74,533308240090106"
14/10/2017,Mercedes-Benz_UK_Zenith,GBP,PMP_SublimeSkinz_ROS_Floor: £10_ImproveDigital_TheTradeDesk_Mercedes_UK_Skin_New C-Class Skin June,11363,127,"180,12822775482113","124,73100857866533"
14/10/2017,Mercedes-Benz_UK_Zenith,GBP,Publicis Inventory Exchange,22883,26,"91,309437631114449","52,3879174565516"
14/10/2017,Mercedes-Benz_UK_Zenith,GBP,,1323019,1392,"6128,2157207535071","3748,0963765613696"
15/10/2017,Mercedes-Benz_UK_Zenith,GBP,PMP_GumGum_Multi_Contextual_Floor £22_TTD_Mercedes_UK,31016,55,"555,52323265678952","384,1416946851264"
15/10/2017,Mercedes-Benz_UK_Zenith,GBP,PMP_GumGum_Multi_RON_Floor £20_TTD_Mercedes_UK_Canvas,26546,277,"549,93642629152951","380,9118876100164"
15/10/2017,Mercedes-Benz_UK_Zenith,GBP,PMP_Mozoo_Multi_Floor £13_AppNexus_TTD_Mercedes_UK_NCO Q3_Interstitial 320x480,6867,5,"129,12452975240441","90,350654641404361"
15/10/2017,Mercedes-Benz_UK_Zenith,GBP,PMP_SublimeSkinz_ROS_Floor: £10_ImproveDigital_TheTradeDesk_Mercedes_UK_Skin_New C-Class Skin June,12246,133,"180,10276974469903","124,6076105097942"
15/10/2017,Mercedes-Benz_UK_Zenith,GBP,Publicis Inventory Exchange,19349,22,"65,752247241327704","35,7165361874772"
15/10/2017,Mercedes-Benz_UK_Zenith,GBP,,1301837,1232,"6140,8412319382749","3758,7800620127927"
16/10/2017,Mercedes-Benz_UK_Zenith,GBP,PMP_GumGum_Multi_Contextual_Floor £22_TTD_Mercedes_UK,30653,42,"548,56620360904521","379,33094191859856"
16/10/2017,Mercedes-Benz_UK_Zenith,GBP,PMP_GumGum_Multi_RON_Floor £20_TTD_Mercedes_UK_Canvas,27004,195,"556,53853768167792","385,46701749494136"
16/10/2017,Mercedes-Benz_UK_Zenith,GBP,PMP_Mozoo_Multi_Floor £13_AppNexus_TTD_Mercedes_UK_NCO Q3_Interstitial 320x480,5837,4,"109,64899158684307","76,723280653693123"
16/10/2017,Mercedes-Benz_UK_Zenith,GBP,PMP_SublimeSkinz_ROS_Floor: £10_ImproveDigital_TheTradeDesk_Mercedes_UK_Skin_New C-Class Skin June,50623,716,"804,14445874857472","556,85299999999984"
16/10/2017,Mercedes-Benz_UK_Zenith,GBP,Publicis Inventory Exchange,24417,20,"101,09466912191258","57,82721533957764"
16/10/2017,Mercedes-Benz_UK_Zenith,GBP,,1299372,1170,"6111,6466835357108","3746,0526018710933"
17/10/2017,Mercedes-Benz_UK_Zenith,GBP,PMP_GumGum_Multi_Contextual_Floor £22_TTD_Mercedes_UK,30150,36,"541,43479740609675","374,39960817187632"
17/10/2017,Mercedes-Benz_UK_Zenith,GBP,PMP_GumGum_Multi_RON_Floor £20_TTD_Mercedes_UK_Canvas,27285,207,"565,53074903174637","391,70436584269628"
17/10/2017,Mercedes-Benz_UK_Zenith,GBP,PMP_Mozoo_Multi_Floor £13_AppNexus_TTD_Mercedes_UK_NCO Q3_Interstitial 320x480,3231,3,"60,892439826917217","42,607482808329623"
17/10/2017,Mercedes-Benz_UK_Zenith,GBP,PMP_SublimeSkinz_Mercedes Verticals_Floor: £14_ImproveDigital_TheTradeDesk_Mercedes_UK_Skin,3162,89,"56,854898159896762","39,419308707894582"
17/10/2017,Mercedes-Benz_UK_Zenith,GBP,PMP_SublimeSkinz_ROS_Floor: £10_ImproveDigital_TheTradeDesk_Mercedes_UK_Skin_NEW,12837,206,"188,53873601828683","130,4379422125064"
17/10/2017,Mercedes-Benz_UK_Zenith,GBP,PMP_SublimeSkinz_ROS_Floor: £10_ImproveDigital_TheTradeDesk_Mercedes_UK_Skin_New C-Class Skin June,51528,698,"818,75488330722762","566,95089145261265"
17/10/2017,Mercedes-Benz_UK_Zenith,GBP,Publicis Inventory Exchange,31019,35,"130,62576514132547","75,54376395974012"
17/10/2017,Mercedes-Benz_UK_Zenith,GBP,,1709472,1505,"7735,6029074355827","4798,2226545739902"
18/10/2017,Mercedes-Benz_UK_Zenith,GBP,PMP_GumGum_Multi_Contextual_Floor £22_TTD_Mercedes_UK,30160,27,"543,98475550006827","376,162892164356"
18/10/2017,Mercedes-Benz_UK_Zenith,GBP,PMP_GumGum_Multi_RON_Floor £20_TTD_Mercedes_UK_Canvas,32896,246,"666,05441790288565","461,1918560500812"
18/10/2017,Mercedes-Benz_UK_Zenith,GBP,PMP_GumGum_Multi_Smart Contextual_Floor £14_TTD_Mercedes_UK_Smart,8867,101,"175,78691113923664","121,6905404473946"
18/10/2017,Mercedes-Benz_UK_Zenith,GBP,PMP_SublimeSkinz_Mercedes Verticals_Floor: £14_ImproveDigital_TheTradeDesk_Mercedes_UK_Skin,10111,308,"229,8827777823885","159,70040557834275"
18/10/2017,Mercedes-Benz_UK_Zenith,GBP,PMP_SublimeSkinz_ROS_Floor: £10_ImproveDigital_TheTradeDesk_Mercedes_UK_Skin_NEW,18556,294,"324,61282166692458","224,99469919882413"
18/10/2017,Mercedes-Benz_UK_Zenith,GBP,PMP_SublimeSkinz_ROS_Floor: £10_ImproveDigital_TheTradeDesk_Mercedes_UK_Skin_New C-Class Skin June,53087,662,"843,34770522368328","583,95135507672919"
18/10/2017,Mercedes-Benz_UK_Zenith,GBP,Publicis Inventory Exchange,28709,21,"122,03627860226719","70,82881925240528"
18/10/2017,Mercedes-Benz_UK_Zenith,GBP,,1834313,1421,"8364,6419445742129","5160,6203771176563"
19/10/2017,Mercedes-Benz_UK_Zenith,GBP,PMP_GumGum_Multi_Contextual_Floor £22_TTD_Mercedes_UK,31232,30,"562,91877099006969","389,255674553922"
19/10/2017,Mercedes-Benz_UK_Zenith,GBP,PMP_GumGum_Multi_RON_Floor £20_TTD_Mercedes_UK_Canvas,32360,197,"650,9755685956971","450,7225603480622"
19/10/2017,Mercedes-Benz_UK_Zenith,GBP,PMP_GumGum_Multi_Smart Contextual_Floor £14_TTD_Mercedes_UK_Smart,10309,112,"204,21368207310268","141,369304330881"
19/10/2017,Mercedes-Benz_UK_Zenith,GBP,PMP_Mozoo_Multi_Floor £13_AppNexus_TTD_Mercedes_UK_NCO Q3_Interstitial 320x480,3716,5,"69,702390352261975","48,77178827888407"
19/10/2017,Mercedes-Benz_UK_Zenith,GBP,PMP_SublimeSkinz_Mercedes Verticals_Floor: £14_ImproveDigital_TheTradeDesk_Mercedes_UK_Skin,10722,298,"242,64554375939712","168,56177406675453"
19/10/2017,Mercedes-Benz_UK_Zenith,GBP,PMP_SublimeSkinz_ROS_Floor: £10_ImproveDigital_TheTradeDesk_Mercedes_UK_Skin_NEW,12418,146,"216,2792118411851","149,90117452774263"
19/10/2017,Mercedes-Benz_UK_Zenith,GBP,PMP_SublimeSkinz_ROS_Floor: £10_ImproveDigital_TheTradeDesk_Mercedes_UK_Skin_New C-Class Skin June,52169,677,"828,72137086662709","573,82751513146429"
19/10/2017,Mercedes-Benz_UK_Zenith,GBP,Publicis Inventory Exchange,31528,31,"132,03996467129988","76,0336339459444"
19/10/2017,Mercedes-Benz_UK_Zenith,GBP,,1815219,1357,"8272,1393767635803","5102,0461662061967"
20/10/2017,Mercedes-Benz_UK_Zenith,GBP,PMP_GumGum_Multi_Contextual_Floor £22_TTD_Mercedes_UK,29949,37,"541,7973727790037","374,6503273317816"
20/10/2017,Mercedes-Benz_UK_Zenith,GBP,PMP_GumGum_Multi_RON_Floor £20_TTD_Mercedes_UK_Canvas,33438,213,"671,5325174592188","464,92805674384608"
20/10/2017,Mercedes-Benz_UK_Zenith,GBP,PMP_GumGum_Multi_Smart Contextual_Floor £14_TTD_Mercedes_UK_Smart,9687,112,"192,60228390171323","133,3311784563836"
20/10/2017,Mercedes-Benz_UK_Zenith,GBP,PMP_Mozoo_Multi_Floor £13_AppNexus_TTD_Mercedes_UK_NCO Q3_Interstitial 320x480,5714,8,"108,84642018830161","75,282501711451402"
20/10/2017,Mercedes-Benz_UK_Zenith,GBP,PMP_SublimeSkinz_Mercedes Verticals_Floor: £14_ImproveDigital_TheTradeDesk_Mercedes_UK_Skin,8816,310,"198,59825817401709","137,95403916281835"
20/10/2017,Mercedes-Benz_UK_Zenith,GBP,PMP_SublimeSkinz_ROS_Floor: £10_ImproveDigital_TheTradeDesk_Mercedes_UK_Skin_NEW,28200,345,"465,41242511759876","322,38278008148267"
20/10/2017,Mercedes-Benz_UK_Zenith,GBP,PMP_SublimeSkinz_ROS_Floor: £10_ImproveDigital_TheTradeDesk_Mercedes_UK_Skin_New C-Class Skin June,51911,624,"824,71482279419364","571,03074045170795"
20/10/2017,Mercedes-Benz_UK_Zenith,GBP,Publicis Inventory Exchange,30739,20,"124,24004184295318","70,84546952389456"
20/10/2017,Mercedes-Benz_UK_Zenith,GBP,,1889519,1535,"8223,0344120836948","5054,6880043121089"
21/10/2017,Mercedes-Benz_UK_Zenith,GBP,PMP_GumGum_Multi_Contextual_Floor £22_TTD_Mercedes_UK,30811,39,"555,84428596982972","384,36370153651536"
21/10/2017,Mercedes-Benz_UK_Zenith,GBP,PMP_GumGum_Multi_RON_Floor £20_TTD_Mercedes_UK_Canvas,32572,241,"657,68636505908559","455,3830389635912"
21/10/2017,Mercedes-Benz_UK_Zenith,GBP,PMP_GumGum_Multi_Smart Contextual_Floor £14_TTD_Mercedes_UK_Smart,9775,116,"193,80618857980826","134,16459551784212"
21/10/2017,Mercedes-Benz_UK_Zenith,GBP,PMP_Mozoo_Multi_Floor £13_AppNexus_TTD_Mercedes_UK_NCO Q3_Interstitial 320x480,4017,5,"76,294996717071946","52,768646051856616"
21/10/2017,Mercedes-Benz_UK_Zenith,GBP,PMP_SublimeSkinz_Mercedes Verticals_Floor: £14_ImproveDigital_TheTradeDesk_Mercedes_UK_Skin,7712,313,"175,91159591663816","122,20931991706038"
21/10/2017,Mercedes-Benz_UK_Zenith,GBP,PMP_SublimeSkinz_ROS_Floor: £10_ImproveDigital_TheTradeDesk_Mercedes_UK_Skin_NEW,32252,395,"525,7084930738706","364,11125664726292"
21/10/2017,Mercedes-Benz_UK_Zenith,GBP,PMP_SublimeSkinz_ROS_Floor: £10_ImproveDigital_TheTradeDesk_Mercedes_UK_Skin_New C-Class Skin June,49272,589,"782,74747617912281","541,98874224257583"
21/10/2017,Mercedes-Benz_UK_Zenith,GBP,Publicis Inventory Exchange,19057,29,"79,567191518662886","45,22706002790272"
21/10/2017,Mercedes-Benz_UK_Zenith,GBP,,1898909,1678,"8275,9452390920719","5084,0253042837218"
22/10/2017,Mercedes-Benz_UK_Zenith,GBP,PMP_GumGum_Multi_Contextual_Floor £22_TTD_Mercedes_UK,29918,39,"539,69803352233651","373,1986441394904"
22/10/2017,Mercedes-Benz_UK_Zenith,GBP,PMP_GumGum_Multi_RON_Floor £20_TTD_Mercedes_UK_Canvas,33088,240,"668,33843067595759","462,7606392808784"
22/10/2017,Mercedes-Benz_UK_Zenith,GBP,PMP_GumGum_Multi_Smart Contextual_Floor £14_TTD_Mercedes_UK_Smart,9942,133,"197,10642116694835","136,4492200358364"
22/10/2017,Mercedes-Benz_UK_Zenith,GBP,PMP_Mozoo_Multi_Floor £13_AppNexus_TTD_Mercedes_UK_NCO Q3_Interstitial 320x480,5668,8,"107,652487277163","74,456730351487004"
22/10/2017,Mercedes-Benz_UK_Zenith,GBP,PMP_SublimeSkinz_Mercedes Verticals_Floor: £14_ImproveDigital_TheTradeDesk_Mercedes_UK_Skin,6659,193,"148,5936568773155","103,21363341499823"
22/10/2017,Mercedes-Benz_UK_Zenith,GBP,PMP_SublimeSkinz_ROS_Floor: £10_ImproveDigital_TheTradeDesk_Mercedes_UK_Skin_NEW,28065,395,"392,38640443289181","271,29050904965257"
22/10/2017,Mercedes-Benz_UK_Zenith,GBP,PMP_SublimeSkinz_ROS_Floor: £10_ImproveDigital_TheTradeDesk_Mercedes_UK_Skin_New C-Class Skin June,44412,503,"705,54121507423466","488,53020974169456"
22/10/2017,Mercedes-Benz_UK_Zenith,GBP,Publicis Inventory Exchange,27265,33,"121,71684741328609","71,0360431363198"
22/10/2017,Mercedes-Benz_UK_Zenith,GBP,,1897720,1689,"8201,6057147088738","5043,6645113073384"
23/10/2017,Mercedes-Benz_UK_Zenith,GBP,PMP_GumGum_Multi_Contextual_Floor £22_TTD_Mercedes_UK,30338,36,"547,4600533889291","378,56604425968416"
23/10/2017,Mercedes-Benz_UK_Zenith,GBP,PMP_GumGum_Multi_RON_Floor £20_TTD_Mercedes_UK_Canvas,32573,225,"659,2113200450318","456,4489734838572"
23/10/2017,Mercedes-Benz_UK_Zenith,GBP,PMP_GumGum_Multi_Smart Contextual_Floor £14_TTD_Mercedes_UK_Smart,10064,89,"199,5929742886109","138,17056544924204"
23/10/2017,Mercedes-Benz_UK_Zenith,GBP,PMP_Mozoo_Multi_Floor £13_AppNexus_TTD_Mercedes_UK_NCO Q3_Interstitial 320x480,252,0,"4,787903779169599","3,311504170978139"
23/10/2017,Mercedes-Benz_UK_Zenith,GBP,PMP_SublimeSkinz_Mercedes Verticals_Floor: £14_ImproveDigital_TheTradeDesk_Mercedes_UK_Skin,8505,199,"179,24350769593284","124,15884456383842"
23/10/2017,Mercedes-Benz_UK_Zenith,GBP,PMP_SublimeSkinz_ROS_Floor: £10_ImproveDigital_TheTradeDesk_Mercedes_UK_Skin_NEW,128580,1925,"2046,8428200303615","1414,6877838804575"
23/10/2017,Mercedes-Benz_UK_Zenith,GBP,PMP_SublimeSkinz_ROS_Floor: £10_ImproveDigital_TheTradeDesk_Mercedes_UK_Skin_New C-Class Skin June,47866,437,"761,65605485562949","526,5274998041065"
23/10/2017,Mercedes-Benz_UK_Zenith,GBP,PMP_SublimeSkinz_WL Vito_Floor: £16_ImproveDigital_TheTradeDesk_Mercedes Vito_UK_Skin,104,0,"2,393616865993854","1,661660061920707"
23/10/2017,Mercedes-Benz_UK_Zenith,GBP,Publicis Inventory Exchange,27476,18,"94,662832970793097","51,6326984708128"
23/10/2017,Mercedes-Benz_UK_Zenith,GBP,,1910885,1581,"8337,279936722312","5118,4726814694858"
24/10/2017,Mercedes-Benz_UK_Zenith,GBP,PMP_GumGum_Multi_Contextual_Floor £22_TTD_Mercedes_UK,29668,40,"534,93482303569404","369,90490655856144"
24/10/2017,Mercedes-Benz_UK_Zenith,GBP,PMP_GumGum_Multi_RON_Floor £20_TTD_Mercedes_UK_Canvas,33650,197,"677,95357149169287","469,4074174473596"
24/10/2017,Mercedes-Benz_UK_Zenith,GBP,PMP_GumGum_Multi_Smart Contextual_Floor £14_TTD_Mercedes_UK_Smart,10140,107,"200,93649637473355","139,10063429056652"
24/10/2017,Mercedes-Benz_UK_Zenith,GBP,PMP_Mozoo_Multi_Floor £13_AppNexus_TTD_Mercedes_UK_NCO Q3_Interstitial 320x480,5658,5,"107,40953911290468","74,288697764288175"
24/10/2017,Mercedes-Benz_UK_Zenith,GBP,PMP_SublimeSkinz_Mercedes Verticals_Floor: £14_ImproveDigital_TheTradeDesk_Mercedes_UK_Skin,10439,227,"231,85481815558428","160,64159813302098"
24/10/2017,Mercedes-Benz_UK_Zenith,GBP,PMP_SublimeSkinz_ROS_Floor: £10_ImproveDigital_TheTradeDesk_Mercedes_UK_Skin_NEW,131114,1978,"2664,830494648868","1845,5647089420783"
24/10/2017,Mercedes-Benz_UK_Zenith,GBP,PMP_SublimeSkinz_ROS_Floor: £10_ImproveDigital_TheTradeDesk_Mercedes_UK_Skin_New C-Class Skin June,43634,501,"695,53103790449564","479,94642381788221"
24/10/2017,Mercedes-Benz_UK_Zenith,GBP,Publicis Inventory Exchange,34319,45,"149,00521047331105","86,60531699763856"
24/10/2017,Mercedes-Benz_UK_Zenith,GBP,,1903403,1429,"8289,290187380367","5094,4847706582734"
25/10/2017,Mercedes-Benz_UK_Zenith,GBP,PMP_GumGum_Multi_Contextual_Floor £22_TTD_Mercedes_UK,22959,18,"415,9525694941855","287,62923953685768"
25/10/2017,Mercedes-Benz_UK_Zenith,GBP,PMP_GumGum_Multi_RON_Floor £20_TTD_Mercedes_UK_Canvas,26214,170,"513,82144188445139","355,63580156412968"
25/10/2017,Mercedes-Benz_UK_Zenith,GBP,PMP_GumGum_Multi_Smart Contextual_Floor £14_TTD_Mercedes_UK_Smart,9085,112,"180,90460167907509","125,2333214405834"
25/10/2017,Mercedes-Benz_UK_Zenith,GBP,PMP_Mozoo_Multi_Floor £13_AppNexus_TTD_Mercedes_UK_NCO Q3_Interstitial 320x480,10920,279,"207,14491652278961","144,94176962249224"
25/10/2017,Mercedes-Benz_UK_Zenith,GBP,PMP_SublimeSkinz_Mercedes Verticals_Floor: £14_ImproveDigital_TheTradeDesk_Mercedes_UK_Skin,5685,135,"126,80038028470066","87,85373055117592"
25/10/2017,Mercedes-Benz_UK_Zenith,GBP,PMP_SublimeSkinz_ROS_Floor: £10_ImproveDigital_TheTradeDesk_Mercedes_UK_Skin_NEW,107472,1534,"2240,3092626865319","1551,8378215031853"
25/10/2017,Mercedes-Benz_UK_Zenith,GBP,PMP_SublimeSkinz_ROS_Floor: £10_ImproveDigital_TheTradeDesk_Mercedes_UK_Skin_New C-Class Skin June,44946,538,"717,30572040870665","494,94597020487232"
25/10/2017,Mercedes-Benz_UK_Zenith,GBP,Publicis Inventory Exchange,31608,50,"134,43271221707445","78,74089240082604"
25/10/2017,Mercedes-Benz_UK_Zenith,GBP,,1776839,1458,"8063,4404957334322","4976,3473029401553"
26/10/2017,Mercedes-Benz_UK_Zenith,GBP,PMP_GumGum_Multi_Contextual_Floor £22_TTD_Mercedes_UK,4114,8,"73,844110434650134","51,06285400381704"
26/10/2017,Mercedes-Benz_UK_Zenith,GBP,PMP_GumGum_Multi_RON_Floor £20_TTD_Mercedes_UK_Canvas,39492,497,"811,65058810595992","562,12814366883768"
26/10/2017,Mercedes-Benz_UK_Zenith,GBP,PMP_GumGum_Multi_Smart Contextual_Floor £14_TTD_Mercedes_UK_Smart,7238,83,"142,77711671958225","98,83912507777484"
26/10/2017,Mercedes-Benz_UK_Zenith,GBP,PMP_Mozoo_Multi_Floor £13_AppNexus_TTD_Mercedes_UK_NCO Q3_Interstitial 320x480,22790,417,"430,85414702349094","297,99799361500577"
26/10/2017,Mercedes-Benz_UK_Zenith,GBP,PMP_SublimeSkinz_Mercedes Verticals_Floor: £14_ImproveDigital_TheTradeDesk_Mercedes_UK_Skin,9575,281,"242,60388677487102","168,30997222416416"
26/10/2017,Mercedes-Benz_UK_Zenith,GBP,PMP_SublimeSkinz_ROS_Floor: £10_ImproveDigital_TheTradeDesk_Mercedes_UK_Skin_NEW,109862,1711,"2365,3108392216694","1639,0799366434535"
26/10/2017,Mercedes-Benz_UK_Zenith,GBP,PMP_SublimeSkinz_ROS_Floor: £10_ImproveDigital_TheTradeDesk_Mercedes_UK_Skin_New C-Class Skin June,46018,522,"733,1509247845778","505,93517740444678"
26/10/2017,Mercedes-Benz_UK_Zenith,GBP,Publicis Inventory Exchange,25790,28,"112,06730775921571","66,51582853859812"
26/10/2017,Mercedes-Benz_UK_Zenith,GBP,,1810387,1665,"8108,7794057711796","4999,9201576281325"
27/10/2017,Mercedes-Benz_UK_Zenith,GBP,PMP_GumGum_Multi_Contextual_Floor £22_TTD_Mercedes_UK,4013,12,"72,548026332723365","50,1666179616492"
27/10/2017,Mercedes-Benz_UK_Zenith,GBP,PMP_GumGum_Multi_RON_Floor £20_TTD_Mercedes_UK_Canvas,38096,433,"768,99026137282766","532,436234009042"
27/10/2017,Mercedes-Benz_UK_Zenith,GBP,PMP_GumGum_Multi_Smart Contextual_Floor £14_TTD_Mercedes_UK_Smart,7127,74,"141,60367192966054","98,02679422933276"
27/10/2017,Mercedes-Benz_UK_Zenith,GBP,PMP_Mozoo_Multi_Floor £13_AppNexus_TTD_Mercedes_UK_NCO Q3_Interstitial 320x480,16421,337,"311,68575107474766","215,5665286775774"
27/10/2017,Mercedes-Benz_UK_Zenith,GBP,PMP_SublimeSkinz_Mercedes Verticals_Floor: £14_ImproveDigital_TheTradeDesk_Mercedes_UK_Skin,12128,295,"330,74647516641913","229,59257998025593"
27/10/2017,Mercedes-Benz_UK_Zenith,GBP,PMP_SublimeSkinz_ROS_Floor: £10_ImproveDigital_TheTradeDesk_Mercedes_UK_Skin_NEW,85773,1371,"1768,1120856240013","1224,5100311176943"
27/10/2017,Mercedes-Benz_UK_Zenith,GBP,PMP_SublimeSkinz_ROS_Floor: £10_ImproveDigital_TheTradeDesk_Mercedes_UK_Skin_New C-Class Skin June,47292,552,"753,88899525558922","520,19679903253094"
27/10/2017,Mercedes-Benz_UK_Zenith,GBP,Publicis Inventory Exchange,25248,31,"113,65048256861204","67,97914483802112"
27/10/2017,Mercedes-Benz_UK_Zenith,GBP,,1811914,1638,"8051,4689779525928","4963,6207529874739"
28/10/2017,Mercedes-Benz_UK_Zenith,GBP,PMP_GumGum_Multi_Contextual_Floor £22_TTD_Mercedes_UK,4104,8,"74,393129871324834","51,4424983542624"
28/10/2017,Mercedes-Benz_UK_Zenith,GBP,PMP_GumGum_Multi_RON_Floor £20_TTD_Mercedes_UK_Canvas,37713,503,"765,02317376780638","529,7022971999594"
28/10/2017,Mercedes-Benz_UK_Zenith,GBP,PMP_GumGum_Multi_Smart Contextual_Floor £14_TTD_Mercedes_UK_Smart,7141,72,"142,26326552519022","98,48340559246244"
28/10/2017,Mercedes-Benz_UK_Zenith,GBP,PMP_Mozoo_Multi_Floor £13_AppNexus_TTD_Mercedes_UK_NCO Q3_Interstitial 320x480,19987,425,"380,14422170589957","262,91166635003651"
28/10/2017,Mercedes-Benz_UK_Zenith,GBP,PMP_SublimeSkinz_Mercedes Verticals_Floor: £14_ImproveDigital_TheTradeDesk_Mercedes_UK_Skin,3078,68,"66,615716441669244","46,139935582362513"
28/10/2017,Mercedes-Benz_UK_Zenith,GBP,PMP_SublimeSkinz_ROS_Floor: £10_ImproveDigital_TheTradeDesk_Mercedes_UK_Skin_NEW,38037,535,"738,22923358471045","510,94301452221199"
28/10/2017,Mercedes-Benz_UK_Zenith,GBP,PMP_SublimeSkinz_ROS_Floor: £10_ImproveDigital_TheTradeDesk_Mercedes_UK_Skin_New C-Class Skin June,37209,335,"593,20427977098084","409,30599807081292"
28/10/2017,Mercedes-Benz_UK_Zenith,GBP,Publicis Inventory Exchange,24507,38,"110,24844506689164","65,75572659373828"
28/10/2017,Mercedes-Benz_UK_Zenith,GBP,,1747461,1848,"7789,804742488862","4806,5655283976977"
29/10/2017,Mercedes-Benz_UK_Zenith,GBP,PMP_GumGum_Multi_Contextual_Floor £22_TTD_Mercedes_UK,4386,7,"79,51237283069253","54,98243071048728"
29/10/2017,Mercedes-Benz_UK_Zenith,GBP,PMP_GumGum_Multi_RON_Floor £20_TTD_Mercedes_UK_Canvas,39489,606,"813,73487020453576","563,52609943644168"
29/10/2017,Mercedes-Benz_UK_Zenith,GBP,PMP_GumGum_Multi_Smart Contextual_Floor £14_TTD_Mercedes_UK_Smart,7406,92,"147,5565636887205","102,14775301227112"
29/10/2017,Mercedes-Benz_UK_Zenith,GBP,PMP_Mozoo_Multi_Floor £13_AppNexus_TTD_Mercedes_UK_NCO Q3_Interstitial 320x480,18734,377,"356,42016579102226","246,5046288557199"
29/10/2017,Mercedes-Benz_UK_Zenith,GBP,PMP_SublimeSkinz_Mercedes Verticals_Floor: £14_ImproveDigital_TheTradeDesk_Mercedes_UK_Skin,5161,136,"121,07883883852915","83,931636850523401"
29/10/2017,Mercedes-Benz_UK_Zenith,GBP,PMP_SublimeSkinz_ROS_Floor: £10_ImproveDigital_TheTradeDesk_Mercedes_UK_Skin_NEW,54069,762,"1164,4472977571096","806,89297930357173"
29/10/2017,Mercedes-Benz_UK_Zenith,GBP,PMP_SublimeSkinz_ROS_Floor: £10_ImproveDigital_TheTradeDesk_Mercedes_UK_Skin_New C-Class Skin June,45989,592,"733,16974538797825","505,88001331935091"
29/10/2017,Mercedes-Benz_UK_Zenith,GBP,Publicis Inventory Exchange,24225,33,"109,88359152810563","65,52544739171508"
29/10/2017,Mercedes-Benz_UK_Zenith,GBP,,1519833,1540,"6683,3864068695239","4073,1056033864896"
30/10/2017,Mercedes-Benz_UK_Zenith,GBP,PMP_GumGum_Multi_Contextual_Floor £22_TTD_Mercedes_UK,4038,4,"73,18357749410634","50,6060985915144"
30/10/2017,Mercedes-Benz_UK_Zenith,GBP,PMP_GumGum_Multi_RON_Floor £20_TTD_Mercedes_UK_Canvas,40190,548,"838,89343115473793","581,0307152414402"
30/10/2017,Mercedes-Benz_UK_Zenith,GBP,PMP_GumGum_Multi_Smart Contextual_Floor £14_TTD_Mercedes_UK_Smart,7252,91,"144,44877143939743","99,9963475636664"
30/10/2017,Mercedes-Benz_UK_Zenith,GBP,PMP_Mozoo_Multi_Floor £13_AppNexus_TTD_Mercedes_UK_NCO Q3_Interstitial 320x480,26146,413,"499,15989000245851","345,24080830162503"
30/10/2017,Mercedes-Benz_UK_Zenith,GBP,PMP_SublimeSkinz_Mercedes Verticals_Floor: £14_ImproveDigital_TheTradeDesk_Mercedes_UK_Skin,8571,179,"226,71262856371497","157,33154207410975"
30/10/2017,Mercedes-Benz_UK_Zenith,GBP,PMP_SublimeSkinz_ROS_Floor: £10_ImproveDigital_TheTradeDesk_Mercedes_UK_Skin_NEW,112205,1638,"2456,8220837203906","1702,7788492614079"
30/10/2017,Mercedes-Benz_UK_Zenith,GBP,PMP_SublimeSkinz_ROS_Floor: £10_ImproveDigital_TheTradeDesk_Mercedes_UK_Skin_New C-Class Skin June,45762,424,"729,52565022054135","503,36735800802456"
30/10/2017,Mercedes-Benz_UK_Zenith,GBP,Publicis Inventory Exchange,27532,31,"120,94082455978023","71,153969583878592"
30/10/2017,Mercedes-Benz_UK_Zenith,GBP,,1358128,1331,"5944,2970365487465","3639,7669185040734"
31/10/2017,Mercedes-Benz_UK_Zenith,GBP,PMP_GumGum_Multi_Contextual_Floor £22_TTD_Mercedes_UK,4307,4,"77,603694365423691","53,66258855600016"
31/10/2017,Mercedes-Benz_UK_Zenith,GBP,PMP_GumGum_Multi_RON_Floor £20_TTD_Mercedes_UK_Canvas,88746,1304,"1686,9226652092231","1167,2466433103045"
31/10/2017,Mercedes-Benz_UK_Zenith,GBP,PMP_GumGum_Multi_Smart Contextual_Floor £14_TTD_Mercedes_UK_Smart,7201,73,"142,59656754960648","98,71413780807832"
31/10/2017,Mercedes-Benz_UK_Zenith,GBP,PMP_Mozoo_Multi_Floor £13_AppNexus_TTD_Mercedes_UK_NCO Q3_Interstitial 320x480,20393,384,"388,94600147036896","269,02784364500915"
31/10/2017,Mercedes-Benz_UK_Zenith,GBP,PMP_SublimeSkinz_Mercedes Verticals_Floor: £14_ImproveDigital_TheTradeDesk_Mercedes_UK_Skin,8139,153,"219,44373561947145","152,31980729390818"
31/10/2017,Mercedes-Benz_UK_Zenith,GBP,PMP_SublimeSkinz_ROS_Floor: £10_ImproveDigital_TheTradeDesk_Mercedes_UK_Skin_NEW,93505,1317,"1981,7391655591958","1373,1142681374047"
31/10/2017,Mercedes-Benz_UK_Zenith,GBP,PMP_SublimeSkinz_ROS_Floor: £10_ImproveDigital_TheTradeDesk_Mercedes_UK_Skin_New C-Class Skin June,46031,460,"733,41869815246184","506,09240008929246"
31/10/2017,Mercedes-Benz_UK_Zenith,GBP,Publicis Inventory Exchange,27437,39,"121,61591264595271","71,366475783836234"
31/10/2017,Mercedes-Benz_UK_Zenith,GBP,,1379971,1289,"5923,3210786124838","3620,9752616033977"
